country,year,suicides/100k pop,sex,Latitude,Longitude
Albania,1987,2.7,Both sexes,41.0,20.0
Albania,1988,2.7,Both sexes,41.0,20.0
Albania,1989,2.8,Both sexes,41.0,20.0
Albania,1992,1.5,Both sexes,41.0,20.0
Albania,1993,2.7,Both sexes,41.0,20.0
Albania,1994,2.7,Both sexes,41.0,20.0
Albania,1995,3.4,Both sexes,41.0,20.0
Albania,1996,3.6,Both sexes,41.0,20.0
Albania,1997,6.5,Both sexes,41.0,20.0
Albania,1998,5.5,Both sexes,41.0,20.0
Albania,1999,5.8,Both sexes,41.0,20.0
Albania,2000,2.6,Both sexes,41.0,20.0
Albania,2001,4.2,Both sexes,41.0,20.0
Albania,2002,5.2,Both sexes,41.0,20.0
Albania,2003,4.9,Both sexes,41.0,20.0
Albania,2004,5.4,Both sexes,41.0,20.0
Albania,2005,0.0,Both sexes,41.0,20.0
Albania,2006,0.0,Both sexes,41.0,20.0
Albania,2007,5.5,Both sexes,41.0,20.0
Albania,2008,5.9,Both sexes,41.0,20.0
Albania,2009,0.0,Both sexes,41.0,20.0
Albania,2010,3.5,Both sexes,41.0,20.0
Antigua and Barbuda,1985,0.0,Both sexes,17.0,-61.0
Antigua and Barbuda,1986,0.0,Both sexes,17.0,-61.0
Antigua and Barbuda,1987,0.0,Both sexes,17.0,-61.0
Antigua and Barbuda,1988,0.0,Both sexes,17.0,-61.0
Antigua and Barbuda,1989,0.0,Both sexes,17.0,-61.0
Antigua and Barbuda,1990,1.4,Both sexes,17.0,-61.0
Antigua and Barbuda,1991,0.0,Both sexes,17.0,-61.0
Antigua and Barbuda,1992,0.0,Both sexes,17.0,-61.0
Antigua and Barbuda,1993,1.2,Both sexes,17.0,-61.0
Antigua and Barbuda,1994,0.0,Both sexes,17.0,-61.0
Antigua and Barbuda,1995,0.0,Both sexes,17.0,-61.0
Antigua and Barbuda,1998,0.0,Both sexes,17.0,-61.0
Antigua and Barbuda,1999,0.0,Both sexes,17.0,-61.0
Antigua and Barbuda,2000,3.3,Both sexes,17.0,-61.0
Antigua and Barbuda,2001,1.6,Both sexes,17.0,-61.0
Antigua and Barbuda,2002,0.0,Both sexes,17.0,-61.0
Antigua and Barbuda,2003,2.3,Both sexes,17.0,-61.0
Antigua and Barbuda,2004,3.0,Both sexes,17.0,-61.0
Antigua and Barbuda,2005,0.0,Both sexes,17.0,-61.0
Antigua and Barbuda,2006,0.0,Both sexes,17.0,-61.0
Antigua and Barbuda,2007,0.7,Both sexes,17.0,-61.0
Antigua and Barbuda,2008,0.0,Both sexes,17.0,-61.0
Antigua and Barbuda,2009,0.0,Both sexes,17.0,-61.0
Antigua and Barbuda,2012,0.0,Both sexes,17.0,-61.0
Antigua and Barbuda,2013,0.0,Both sexes,17.0,-61.0
Antigua and Barbuda,2014,0.0,Both sexes,17.0,-61.0
Antigua and Barbuda,2015,1.3,Both sexes,17.0,-61.0
Argentina,1985,11.2,Both sexes,-34.0,-64.0
Argentina,1986,12.7,Both sexes,-34.0,-64.0
Argentina,1987,12.1,Both sexes,-34.0,-64.0
Argentina,1988,12.2,Both sexes,-34.0,-64.0
Argentina,1989,11.6,Both sexes,-34.0,-64.0
Argentina,1990,11.2,Both sexes,-34.0,-64.0
Argentina,1991,9.9,Both sexes,-34.0,-64.0
Argentina,1992,10.6,Both sexes,-34.0,-64.0
Argentina,1993,11.2,Both sexes,-34.0,-64.0
Argentina,1994,10.2,Both sexes,-34.0,-64.0
Argentina,1995,10.0,Both sexes,-34.0,-64.0
Argentina,1996,9.8,Both sexes,-34.0,-64.0
Argentina,1997,9.3,Both sexes,-34.0,-64.0
Argentina,1998,9.7,Both sexes,-34.0,-64.0
Argentina,1999,9.8,Both sexes,-34.0,-64.0
Argentina,2000,10.9,Both sexes,-34.0,-64.0
Argentina,2001,12.0,Both sexes,-34.0,-64.0
Argentina,2002,11.6,Both sexes,-34.0,-64.0
Argentina,2003,12.2,Both sexes,-34.0,-64.0
Argentina,2004,10.9,Both sexes,-34.0,-64.0
Argentina,2005,10.7,Both sexes,-34.0,-64.0
Argentina,2006,10.7,Both sexes,-34.0,-64.0
Argentina,2007,9.9,Both sexes,-34.0,-64.0
Argentina,2008,9.8,Both sexes,-34.0,-64.0
Argentina,2009,8.9,Both sexes,-34.0,-64.0
Argentina,2010,9.3,Both sexes,-34.0,-64.0
Argentina,2011,8.8,Both sexes,-34.0,-64.0
Argentina,2012,10.0,Both sexes,-34.0,-64.0
Argentina,2013,8.6,Both sexes,-34.0,-64.0
Argentina,2014,9.3,Both sexes,-34.0,-64.0
Argentina,2015,9.3,Both sexes,-34.0,-64.0
Armenia,1990,3.4,Both sexes,40.0,45.0
Armenia,1991,3.8,Both sexes,40.0,45.0
Armenia,1992,3.4,Both sexes,40.0,45.0
Armenia,1993,4.3,Both sexes,40.0,45.0
Armenia,1994,5.6,Both sexes,40.0,45.0
Armenia,1995,4.3,Both sexes,40.0,45.0
Armenia,1996,3.1,Both sexes,40.0,45.0
Armenia,1997,2.7,Both sexes,40.0,45.0
Armenia,1998,2.3,Both sexes,40.0,45.0
Armenia,1999,2.1,Both sexes,40.0,45.0
Armenia,2000,2.9,Both sexes,40.0,45.0
Armenia,2001,2.5,Both sexes,40.0,45.0
Armenia,2002,3.2,Both sexes,40.0,45.0
Armenia,2003,2.8,Both sexes,40.0,45.0
Armenia,2006,3.6,Both sexes,40.0,45.0
Armenia,2007,3.3,Both sexes,40.0,45.0
Armenia,2008,2.9,Both sexes,40.0,45.0
Armenia,2009,2.8,Both sexes,40.0,45.0
Armenia,2010,3.4,Both sexes,40.0,45.0
Armenia,2011,2.7,Both sexes,40.0,45.0
Armenia,2012,3.0,Both sexes,40.0,45.0
Armenia,2013,3.1,Both sexes,40.0,45.0
Armenia,2014,3.1,Both sexes,40.0,45.0
Armenia,2015,3.8,Both sexes,40.0,45.0
Armenia,2016,4.1,Both sexes,40.0,45.0
Aruba,1995,25.7,Both sexes,12.0,-69.97
Aruba,1999,9.6,Both sexes,12.0,-69.97
Aruba,2000,25.4,Both sexes,12.0,-69.97
Aruba,2001,2.3,Both sexes,12.0,-69.97
Aruba,2002,10.5,Both sexes,12.0,-69.97
Aruba,2003,1.1,Both sexes,12.0,-69.97
Aruba,2004,14.7,Both sexes,12.0,-69.97
Aruba,2005,8.3,Both sexes,12.0,-69.97
Aruba,2006,8.0,Both sexes,12.0,-69.97
Aruba,2007,7.7,Both sexes,12.0,-69.97
Aruba,2008,3.5,Both sexes,12.0,-69.97
Aruba,2009,3.5,Both sexes,12.0,-69.97
Aruba,2010,4.9,Both sexes,12.0,-69.97
Aruba,2011,7.8,Both sexes,12.0,-69.97
Australia,1985,13.6,Both sexes,-25.0,135.0
Australia,1986,14.6,Both sexes,-25.0,135.0
Australia,1987,15.7,Both sexes,-25.0,135.0
Australia,1988,14.9,Both sexes,-25.0,135.0
Australia,1989,14.0,Both sexes,-25.0,135.0
Australia,1990,14.4,Both sexes,-25.0,135.0
Australia,1991,15.0,Both sexes,-25.0,135.0
Australia,1992,14.2,Both sexes,-25.0,135.0
Australia,1993,12.9,Both sexes,-25.0,135.0
Australia,1994,14.0,Both sexes,-25.0,135.0
Australia,1995,12.9,Both sexes,-25.0,135.0
Australia,1996,14.6,Both sexes,-25.0,135.0
Australia,1997,15.6,Both sexes,-25.0,135.0
Australia,1998,14.7,Both sexes,-25.0,135.0
Australia,1999,13.9,Both sexes,-25.0,135.0
Australia,2000,13.2,Both sexes,-25.0,135.0
Australia,2001,13.2,Both sexes,-25.0,135.0
Australia,2002,12.1,Both sexes,-25.0,135.0
Australia,2003,11.2,Both sexes,-25.0,135.0
Australia,2004,11.1,Both sexes,-25.0,135.0
Australia,2006,10.7,Both sexes,-25.0,135.0
Australia,2007,10.9,Both sexes,-25.0,135.0
Australia,2008,10.9,Both sexes,-25.0,135.0
Australia,2009,10.8,Both sexes,-25.0,135.0
Australia,2010,11.1,Both sexes,-25.0,135.0
Australia,2011,11.1,Both sexes,-25.0,135.0
Australia,2012,11.6,Both sexes,-25.0,135.0
Australia,2013,11.6,Both sexes,-25.0,135.0
Australia,2014,12.4,Both sexes,-25.0,135.0
Australia,2015,12.8,Both sexes,-25.0,135.0
Austria,1985,32.1,Both sexes,47.6,13.8
Austria,1986,33.5,Both sexes,47.6,13.8
Austria,1987,33.8,Both sexes,47.6,13.8
Austria,1988,29.8,Both sexes,47.6,13.8
Austria,1989,29.9,Both sexes,47.6,13.8
Austria,1990,29.5,Both sexes,47.6,13.8
Austria,1991,29.6,Both sexes,47.6,13.8
Austria,1992,28.5,Both sexes,47.6,13.8
Austria,1993,29.0,Both sexes,47.6,13.8
Austria,1994,28.6,Both sexes,47.6,13.8
Austria,1995,29.0,Both sexes,47.6,13.8
Austria,1996,28.6,Both sexes,47.6,13.8
Austria,1997,24.8,Both sexes,47.6,13.8
Austria,1998,24.1,Both sexes,47.6,13.8
Austria,1999,23.4,Both sexes,47.6,13.8
Austria,2000,24.1,Both sexes,47.6,13.8
Austria,2001,21.8,Both sexes,47.6,13.8
Austria,2002,23.1,Both sexes,47.6,13.8
Austria,2003,21.4,Both sexes,47.6,13.8
Austria,2004,21.2,Both sexes,47.6,13.8
Austria,2005,19.6,Both sexes,47.6,13.8
Austria,2006,18.2,Both sexes,47.6,13.8
Austria,2007,18.1,Both sexes,47.6,13.8
Austria,2008,18.0,Both sexes,47.6,13.8
Austria,2009,17.8,Both sexes,47.6,13.8
Austria,2010,17.3,Both sexes,47.6,13.8
Austria,2011,17.6,Both sexes,47.6,13.8
Austria,2012,17.2,Both sexes,47.6,13.8
Austria,2013,17.7,Both sexes,47.6,13.8
Austria,2014,17.5,Both sexes,47.6,13.8
Austria,2015,16.2,Both sexes,47.6,13.8
Austria,2016,18.3,Both sexes,47.6,13.8
Azerbaijan,1990,2.1,Both sexes,40.5,47.5
Azerbaijan,1991,2.7,Both sexes,40.5,47.5
Azerbaijan,1992,2.9,Both sexes,40.5,47.5
Azerbaijan,1993,2.6,Both sexes,40.5,47.5
Azerbaijan,1994,1.0,Both sexes,40.5,47.5
Azerbaijan,1995,1.2,Both sexes,40.5,47.5
Azerbaijan,1996,1.5,Both sexes,40.5,47.5
Azerbaijan,1997,1.5,Both sexes,40.5,47.5
Azerbaijan,1998,0.9,Both sexes,40.5,47.5
Azerbaijan,1999,0.7,Both sexes,40.5,47.5
Azerbaijan,2000,1.2,Both sexes,40.5,47.5
Azerbaijan,2001,5.0,Both sexes,40.5,47.5
Azerbaijan,2002,1.6,Both sexes,40.5,47.5
Azerbaijan,2003,2.3,Both sexes,40.5,47.5
Azerbaijan,2004,1.5,Both sexes,40.5,47.5
Azerbaijan,2007,1.0,Both sexes,40.5,47.5
Bahamas,1985,0.4,Both sexes,25.03,-77.4
Bahamas,1987,1.1,Both sexes,25.03,-77.4
Bahamas,1993,3.1,Both sexes,25.03,-77.4
Bahamas,1994,0.9,Both sexes,25.03,-77.4
Bahamas,1995,0.6,Both sexes,25.03,-77.4
Bahamas,1996,0.8,Both sexes,25.03,-77.4
Bahamas,1997,0.6,Both sexes,25.03,-77.4
Bahamas,1998,0.9,Both sexes,25.03,-77.4
Bahamas,1999,1.9,Both sexes,25.03,-77.4
Bahamas,2000,3.4,Both sexes,25.03,-77.4
Bahamas,2001,0.2,Both sexes,25.03,-77.4
Bahamas,2002,0.8,Both sexes,25.03,-77.4
Bahamas,2003,0.2,Both sexes,25.03,-77.4
Bahamas,2004,0.5,Both sexes,25.03,-77.4
Bahamas,2005,1.1,Both sexes,25.03,-77.4
Bahamas,2006,0.5,Both sexes,25.03,-77.4
Bahamas,2007,1.1,Both sexes,25.03,-77.4
Bahamas,2008,1.0,Both sexes,25.03,-77.4
Bahamas,2009,1.3,Both sexes,25.03,-77.4
Bahamas,2010,4.9,Both sexes,25.03,-77.4
Bahamas,2011,1.1,Both sexes,25.03,-77.4
Bahamas,2012,1.0,Both sexes,25.03,-77.4
Bahamas,2013,1.2,Both sexes,25.03,-77.4
Bahrain,1985,1.7,Both sexes,26.0,50.55
Bahrain,1987,2.1,Both sexes,26.0,50.55
Bahrain,1988,2.1,Both sexes,26.0,50.55
Bahrain,1997,0.0,Both sexes,26.0,50.55
Bahrain,1998,0.0,Both sexes,26.0,50.55
Bahrain,1999,1.9,Both sexes,26.0,50.55
Bahrain,2000,2.7,Both sexes,26.0,50.55
Bahrain,2001,2.6,Both sexes,26.0,50.55
Bahrain,2002,2.3,Both sexes,26.0,50.55
Bahrain,2003,2.7,Both sexes,26.0,50.55
Bahrain,2004,4.5,Both sexes,26.0,50.55
Bahrain,2005,3.4,Both sexes,26.0,50.55
Bahrain,2006,2.3,Both sexes,26.0,50.55
Bahrain,2007,2.7,Both sexes,26.0,50.55
Bahrain,2008,2.3,Both sexes,26.0,50.55
Bahrain,2009,2.0,Both sexes,26.0,50.55
Bahrain,2010,1.0,Both sexes,26.0,50.55
Bahrain,2011,1.2,Both sexes,26.0,50.55
Bahrain,2012,0.7,Both sexes,26.0,50.55
Bahrain,2013,0.2,Both sexes,26.0,50.55
Bahrain,2014,0.5,Both sexes,26.0,50.55
Barbados,1985,5.1,Both sexes,13.17,-59.55
Barbados,1986,3.1,Both sexes,13.17,-59.55
Barbados,1987,2.5,Both sexes,13.17,-59.55
Barbados,1988,4.8,Both sexes,13.17,-59.55
Barbados,1989,6.1,Both sexes,13.17,-59.55
Barbados,1990,10.1,Both sexes,13.17,-59.55
Barbados,1991,6.4,Both sexes,13.17,-59.55
Barbados,1992,5.3,Both sexes,13.17,-59.55
Barbados,1993,7.6,Both sexes,13.17,-59.55
Barbados,1994,5.6,Both sexes,13.17,-59.55
Barbados,1995,6.0,Both sexes,13.17,-59.55
Barbados,2000,3.1,Both sexes,13.17,-59.55
Barbados,2001,0.7,Both sexes,13.17,-59.55
Barbados,2002,0.0,Both sexes,13.17,-59.55
Barbados,2003,0.0,Both sexes,13.17,-59.55
Barbados,2004,0.6,Both sexes,13.17,-59.55
Barbados,2005,0.2,Both sexes,13.17,-59.55
Barbados,2006,3.8,Both sexes,13.17,-59.55
Barbados,2007,0.0,Both sexes,13.17,-59.55
Barbados,2008,0.2,Both sexes,13.17,-59.55
Barbados,2009,2.4,Both sexes,13.17,-59.55
Barbados,2010,0.6,Both sexes,13.17,-59.55
Barbados,2011,0.0,Both sexes,13.17,-59.55
Barbados,2012,0.0,Both sexes,13.17,-59.55
Barbados,2013,0.0,Both sexes,13.17,-59.55
Belarus,1990,22.9,Both sexes,53.0,28.0
Belarus,1991,24.8,Both sexes,53.0,28.0
Belarus,1992,26.2,Both sexes,53.0,28.0
Belarus,1993,30.4,Both sexes,53.0,28.0
Belarus,1994,33.6,Both sexes,53.0,28.0
Belarus,1995,33.7,Both sexes,53.0,28.0
Belarus,1996,38.0,Both sexes,53.0,28.0
Belarus,1997,37.2,Both sexes,53.0,28.0
Belarus,1998,38.0,Both sexes,53.0,28.0
Belarus,1999,37.5,Both sexes,53.0,28.0
Belarus,2000,37.3,Both sexes,53.0,28.0
Belarus,2001,35.0,Both sexes,53.0,28.0
Belarus,2002,34.2,Both sexes,53.0,28.0
Belarus,2003,37.1,Both sexes,53.0,28.0
Belarus,2007,29.7,Both sexes,53.0,28.0
Belarus,2008,29.3,Both sexes,53.0,28.0
Belarus,2009,31.3,Both sexes,53.0,28.0
Belarus,2010,27.7,Both sexes,53.0,28.0
Belarus,2011,24.9,Both sexes,53.0,28.0
Belarus,2013,22.8,Both sexes,53.0,28.0
Belarus,2014,21.1,Both sexes,53.0,28.0
Belgium,1985,27.7,Both sexes,50.85,4.35
Belgium,1986,26.2,Both sexes,50.85,4.35
Belgium,1987,27.3,Both sexes,50.85,4.35
Belgium,1988,23.7,Both sexes,50.85,4.35
Belgium,1989,23.7,Both sexes,50.85,4.35
Belgium,1990,23.1,Both sexes,50.85,4.35
Belgium,1991,22.0,Both sexes,50.85,4.35
Belgium,1992,22.2,Both sexes,50.85,4.35
Belgium,1993,25.0,Both sexes,50.85,4.35
Belgium,1994,25.0,Both sexes,50.85,4.35
Belgium,1995,23.8,Both sexes,50.85,4.35
Belgium,1996,22.3,Both sexes,50.85,4.35
Belgium,1997,23.7,Both sexes,50.85,4.35
Belgium,1998,22.1,Both sexes,50.85,4.35
Belgium,1999,19.2,Both sexes,50.85,4.35
Belgium,2000,22.3,Both sexes,50.85,4.35
Belgium,2001,21.8,Both sexes,50.85,4.35
Belgium,2002,20.7,Both sexes,50.85,4.35
Belgium,2003,20.7,Both sexes,50.85,4.35
Belgium,2004,19.3,Both sexes,50.85,4.35
Belgium,2005,19.3,Both sexes,50.85,4.35
Belgium,2006,17.9,Both sexes,50.85,4.35
Belgium,2007,17.4,Both sexes,50.85,4.35
Belgium,2008,18.5,Both sexes,50.85,4.35
Belgium,2009,18.2,Both sexes,50.85,4.35
Belgium,2010,18.3,Both sexes,50.85,4.35
Belgium,2011,18.9,Both sexes,50.85,4.35
Belgium,2012,18.1,Both sexes,50.85,4.35
Belgium,2013,16.8,Both sexes,50.85,4.35
Belgium,2014,16.8,Both sexes,50.85,4.35
Belgium,2015,16.4,Both sexes,50.85,4.35
Belize,1986,1.6,Both sexes,17.25,-88.75
Belize,1987,2.6,Both sexes,17.25,-88.75
Belize,1989,0.4,Both sexes,17.25,-88.75
Belize,1990,2.5,Both sexes,17.25,-88.75
Belize,1991,2.0,Both sexes,17.25,-88.75
Belize,1993,0.5,Both sexes,17.25,-88.75
Belize,1994,13.7,Both sexes,17.25,-88.75
Belize,1995,12.0,Both sexes,17.25,-88.75
Belize,1996,5.1,Both sexes,17.25,-88.75
Belize,1997,0.5,Both sexes,17.25,-88.75
Belize,1998,6.8,Both sexes,17.25,-88.75
Belize,1999,7.0,Both sexes,17.25,-88.75
Belize,2000,13.4,Both sexes,17.25,-88.75
Belize,2001,12.6,Both sexes,17.25,-88.75
Belize,2002,5.8,Both sexes,17.25,-88.75
Belize,2003,4.9,Both sexes,17.25,-88.75
Belize,2004,9.8,Both sexes,17.25,-88.75
Belize,2005,3.8,Both sexes,17.25,-88.75
Belize,2006,3.2,Both sexes,17.25,-88.75
Belize,2007,6.5,Both sexes,17.25,-88.75
Belize,2008,7.2,Both sexes,17.25,-88.75
Belize,2009,4.8,Both sexes,17.25,-88.75
Belize,2010,5.1,Both sexes,17.25,-88.75
Belize,2011,12.8,Both sexes,17.25,-88.75
Belize,2012,6.1,Both sexes,17.25,-88.75
Belize,2013,4.7,Both sexes,17.25,-88.75
Belize,2014,7.6,Both sexes,17.25,-88.75
Belize,2015,11.3,Both sexes,17.25,-88.75
Bosnia and Herzegovina,2011,0.1,Both sexes,44.0,18.0
Bosnia and Herzegovina,2014,9.1,Both sexes,44.0,18.0
Brazil,1985,4.9,Both sexes,-10.0,-55.0
Brazil,1986,4.8,Both sexes,-10.0,-55.0
Brazil,1987,5.8,Both sexes,-10.0,-55.0
Brazil,1988,5.4,Both sexes,-10.0,-55.0
Brazil,1989,5.3,Both sexes,-10.0,-55.0
Brazil,1990,5.6,Both sexes,-10.0,-55.0
Brazil,1991,5.7,Both sexes,-10.0,-55.0
Brazil,1992,5.4,Both sexes,-10.0,-55.0
Brazil,1993,5.7,Both sexes,-10.0,-55.0
Brazil,1994,6.0,Both sexes,-10.0,-55.0
Brazil,1995,6.3,Both sexes,-10.0,-55.0
Brazil,1996,6.1,Both sexes,-10.0,-55.0
Brazil,1997,6.4,Both sexes,-10.0,-55.0
Brazil,1998,6.3,Both sexes,-10.0,-55.0
Brazil,1999,5.6,Both sexes,-10.0,-55.0
Brazil,2000,5.7,Both sexes,-10.0,-55.0
Brazil,2001,6.1,Both sexes,-10.0,-55.0
Brazil,2002,5.8,Both sexes,-10.0,-55.0
Brazil,2003,5.7,Both sexes,-10.0,-55.0
Brazil,2004,5.9,Both sexes,-10.0,-55.0
Brazil,2005,6.1,Both sexes,-10.0,-55.0
Brazil,2006,5.8,Both sexes,-10.0,-55.0
Brazil,2007,6.0,Both sexes,-10.0,-55.0
Brazil,2008,6.0,Both sexes,-10.0,-55.0
Brazil,2009,5.9,Both sexes,-10.0,-55.0
Brazil,2010,6.1,Both sexes,-10.0,-55.0
Brazil,2011,6.0,Both sexes,-10.0,-55.0
Brazil,2012,6.2,Both sexes,-10.0,-55.0
Brazil,2013,6.1,Both sexes,-10.0,-55.0
Brazil,2014,6.1,Both sexes,-10.0,-55.0
Brazil,2015,6.5,Both sexes,-10.0,-55.0
Bulgaria,1985,25.3,Both sexes,43.0,25.0
Bulgaria,1986,23.0,Both sexes,43.0,25.0
Bulgaria,1987,25.7,Both sexes,43.0,25.0
Bulgaria,1988,24.4,Both sexes,43.0,25.0
Bulgaria,1989,24.3,Both sexes,43.0,25.0
Bulgaria,1990,21.4,Both sexes,43.0,25.0
Bulgaria,1991,22.4,Both sexes,43.0,25.0
Bulgaria,1992,25.9,Both sexes,43.0,25.0
Bulgaria,1993,23.2,Both sexes,43.0,25.0
Bulgaria,1994,24.0,Both sexes,43.0,25.0
Bulgaria,1995,23.2,Both sexes,43.0,25.0
Bulgaria,1996,24.7,Both sexes,43.0,25.0
Bulgaria,1997,23.0,Both sexes,43.0,25.0
Bulgaria,1998,25.4,Both sexes,43.0,25.0
Bulgaria,1999,20.9,Both sexes,43.0,25.0
Bulgaria,2000,21.6,Both sexes,43.0,25.0
Bulgaria,2001,20.4,Both sexes,43.0,25.0
Bulgaria,2002,20.6,Both sexes,43.0,25.0
Bulgaria,2003,17.3,Both sexes,43.0,25.0
Bulgaria,2004,15.3,Both sexes,43.0,25.0
Bulgaria,2005,14.8,Both sexes,43.0,25.0
Bulgaria,2006,15.5,Both sexes,43.0,25.0
Bulgaria,2007,14.5,Both sexes,43.0,25.0
Bulgaria,2008,14.2,Both sexes,43.0,25.0
Bulgaria,2009,12.9,Both sexes,43.0,25.0
Bulgaria,2010,13.2,Both sexes,43.0,25.0
Bulgaria,2011,11.1,Both sexes,43.0,25.0
Bulgaria,2012,13.7,Both sexes,43.0,25.0
Bulgaria,2013,11.2,Both sexes,43.0,25.0
Bulgaria,2014,11.6,Both sexes,43.0,25.0
Cabo Verde,2011,11.2,Both sexes,16.0,-24.0
Canada,1985,13.9,Both sexes,60.0,-95.0
Canada,1986,15.8,Both sexes,60.0,-95.0
Canada,1987,14.9,Both sexes,60.0,-95.0
Canada,1988,14.6,Both sexes,60.0,-95.0
Canada,1989,14.2,Both sexes,60.0,-95.0
Canada,1990,13.8,Both sexes,60.0,-95.0
Canada,1991,14.0,Both sexes,60.0,-95.0
Canada,1992,13.6,Both sexes,60.0,-95.0
Canada,1993,13.7,Both sexes,60.0,-95.0
Canada,1994,13.5,Both sexes,60.0,-95.0
Canada,1995,13.6,Both sexes,60.0,-95.0
Canada,1996,13.6,Both sexes,60.0,-95.0
Canada,1997,12.6,Both sexes,60.0,-95.0
Canada,1998,12.5,Both sexes,60.0,-95.0
Canada,1999,13.2,Both sexes,60.0,-95.0
Canada,2000,11.6,Both sexes,60.0,-95.0
Canada,2001,11.5,Both sexes,60.0,-95.0
Canada,2002,11.5,Both sexes,60.0,-95.0
Canada,2003,11.4,Both sexes,60.0,-95.0
Canada,2004,11.0,Both sexes,60.0,-95.0
Canada,2005,11.2,Both sexes,60.0,-95.0
Canada,2006,10.5,Both sexes,60.0,-95.0
Canada,2007,10.6,Both sexes,60.0,-95.0
Canada,2008,10.6,Both sexes,60.0,-95.0
Canada,2009,10.9,Both sexes,60.0,-95.0
Canada,2010,11.1,Both sexes,60.0,-95.0
Canada,2011,10.4,Both sexes,60.0,-95.0
Canada,2012,10.7,Both sexes,60.0,-95.0
Canada,2013,11.1,Both sexes,60.0,-95.0
Chile,1985,9.1,Both sexes,-30.0,-71.0
Chile,1986,7.6,Both sexes,-30.0,-71.0
Chile,1987,7.5,Both sexes,-30.0,-71.0
Chile,1988,7.9,Both sexes,-30.0,-71.0
Chile,1989,8.4,Both sexes,-30.0,-71.0
Chile,1990,7.7,Both sexes,-30.0,-71.0
Chile,1991,8.2,Both sexes,-30.0,-71.0
Chile,1992,6.6,Both sexes,-30.0,-71.0
Chile,1993,8.6,Both sexes,-30.0,-71.0
Chile,1994,7.9,Both sexes,-30.0,-71.0
Chile,1995,9.1,Both sexes,-30.0,-71.0
Chile,1996,8.0,Both sexes,-30.0,-71.0
Chile,1997,8.3,Both sexes,-30.0,-71.0
Chile,1998,9.1,Both sexes,-30.0,-71.0
Chile,1999,9.3,Both sexes,-30.0,-71.0
Chile,2000,12.4,Both sexes,-30.0,-71.0
Chile,2001,12.3,Both sexes,-30.0,-71.0
Chile,2002,12.4,Both sexes,-30.0,-71.0
Chile,2003,12.8,Both sexes,-30.0,-71.0
Chile,2004,13.0,Both sexes,-30.0,-71.0
Chile,2005,12.3,Both sexes,-30.0,-71.0
Chile,2006,12.9,Both sexes,-30.0,-71.0
Chile,2007,12.6,Both sexes,-30.0,-71.0
Chile,2008,14.0,Both sexes,-30.0,-71.0
Chile,2009,14.5,Both sexes,-30.0,-71.0
Chile,2010,13.6,Both sexes,-30.0,-71.0
Chile,2011,13.4,Both sexes,-30.0,-71.0
Chile,2012,12.4,Both sexes,-30.0,-71.0
Chile,2013,11.2,Both sexes,-30.0,-71.0
Chile,2014,11.4,Both sexes,-30.0,-71.0
Chile,2015,12.3,Both sexes,-30.0,-71.0
Colombia,1985,5.2,Both sexes,4.0,-74.0
Colombia,1986,4.2,Both sexes,4.0,-74.0
Colombia,1987,3.8,Both sexes,4.0,-74.0
Colombia,1988,4.2,Both sexes,4.0,-74.0
Colombia,1989,3.5,Both sexes,4.0,-74.0
Colombia,1990,3.6,Both sexes,4.0,-74.0
Colombia,1991,3.6,Both sexes,4.0,-74.0
Colombia,1992,4.1,Both sexes,4.0,-74.0
Colombia,1993,4.1,Both sexes,4.0,-74.0
Colombia,1994,4.7,Both sexes,4.0,-74.0
Colombia,1995,4.1,Both sexes,4.0,-74.0
Colombia,1996,4.4,Both sexes,4.0,-74.0
Colombia,1997,4.4,Both sexes,4.0,-74.0
Colombia,1998,6.8,Both sexes,4.0,-74.0
Colombia,1999,7.0,Both sexes,4.0,-74.0
Colombia,2000,7.5,Both sexes,4.0,-74.0
Colombia,2001,7.4,Both sexes,4.0,-74.0
Colombia,2002,6.8,Both sexes,4.0,-74.0
Colombia,2003,6.7,Both sexes,4.0,-74.0
Colombia,2004,7.0,Both sexes,4.0,-74.0
Colombia,2005,6.2,Both sexes,4.0,-74.0
Colombia,2006,6.5,Both sexes,4.0,-74.0
Colombia,2007,6.2,Both sexes,4.0,-74.0
Colombia,2008,6.2,Both sexes,4.0,-74.0
Colombia,2009,6.2,Both sexes,4.0,-74.0
Colombia,2010,5.6,Both sexes,4.0,-74.0
Colombia,2011,5.2,Both sexes,4.0,-74.0
Colombia,2012,5.5,Both sexes,4.0,-74.0
Colombia,2013,5.3,Both sexes,4.0,-74.0
Colombia,2014,5.6,Both sexes,4.0,-74.0
Colombia,2015,5.9,Both sexes,4.0,-74.0
Costa Rica,1985,5.8,Both sexes,10.0,-84.0
Costa Rica,1986,7.5,Both sexes,10.0,-84.0
Costa Rica,1987,7.1,Both sexes,10.0,-84.0
Costa Rica,1988,7.4,Both sexes,10.0,-84.0
Costa Rica,1989,7.1,Both sexes,10.0,-84.0
Costa Rica,1990,7.8,Both sexes,10.0,-84.0
Costa Rica,1991,5.1,Both sexes,10.0,-84.0
Costa Rica,1992,6.0,Both sexes,10.0,-84.0
Costa Rica,1993,8.2,Both sexes,10.0,-84.0
Costa Rica,1994,6.7,Both sexes,10.0,-84.0
Costa Rica,1995,6.6,Both sexes,10.0,-84.0
Costa Rica,1996,7.9,Both sexes,10.0,-84.0
Costa Rica,1997,6.7,Both sexes,10.0,-84.0
Costa Rica,1998,7.7,Both sexes,10.0,-84.0
Costa Rica,1999,7.1,Both sexes,10.0,-84.0
Costa Rica,2000,7.4,Both sexes,10.0,-84.0
Costa Rica,2001,6.3,Both sexes,10.0,-84.0
Costa Rica,2002,8.0,Both sexes,10.0,-84.0
Costa Rica,2003,9.7,Both sexes,10.0,-84.0
Costa Rica,2004,8.4,Both sexes,10.0,-84.0
Costa Rica,2005,6.6,Both sexes,10.0,-84.0
Costa Rica,2006,8.4,Both sexes,10.0,-84.0
Costa Rica,2007,6.3,Both sexes,10.0,-84.0
Costa Rica,2008,6.0,Both sexes,10.0,-84.0
Costa Rica,2009,6.4,Both sexes,10.0,-84.0
Costa Rica,2010,7.0,Both sexes,10.0,-84.0
Costa Rica,2011,7.5,Both sexes,10.0,-84.0
Costa Rica,2012,6.7,Both sexes,10.0,-84.0
Costa Rica,2013,7.4,Both sexes,10.0,-84.0
Costa Rica,2014,5.9,Both sexes,10.0,-84.0
Croatia,1995,25.5,Both sexes,45.17,15.5
Croatia,1996,27.9,Both sexes,45.17,15.5
Croatia,1997,26.1,Both sexes,45.17,15.5
Croatia,1998,28.7,Both sexes,45.17,15.5
Croatia,1999,27.3,Both sexes,45.17,15.5
Croatia,2000,26.9,Both sexes,45.17,15.5
Croatia,2001,24.0,Both sexes,45.17,15.5
Croatia,2002,25.3,Both sexes,45.17,15.5
Croatia,2003,23.5,Both sexes,45.17,15.5
Croatia,2004,25.2,Both sexes,45.17,15.5
Croatia,2005,22.5,Both sexes,45.17,15.5
Croatia,2006,20.7,Both sexes,45.17,15.5
Croatia,2007,20.3,Both sexes,45.17,15.5
Croatia,2008,22.1,Both sexes,45.17,15.5
Croatia,2009,21.2,Both sexes,45.17,15.5
Croatia,2010,20.2,Both sexes,45.17,15.5
Croatia,2011,18.4,Both sexes,45.17,15.5
Croatia,2012,19.9,Both sexes,45.17,15.5
Croatia,2013,17.5,Both sexes,45.17,15.5
Croatia,2014,18.5,Both sexes,45.17,15.5
Croatia,2015,19.1,Both sexes,45.17,15.5
Croatia,2016,21.4,Both sexes,45.17,15.5
Cuba,1992,30.8,Both sexes,22.0,-80.0
Cuba,1993,32.7,Both sexes,22.0,-80.0
Cuba,1994,30.3,Both sexes,22.0,-80.0
Cuba,1995,29.4,Both sexes,22.0,-80.0
Cuba,1996,26.4,Both sexes,22.0,-80.0
Cuba,1997,26.4,Both sexes,22.0,-80.0
Cuba,1998,27.2,Both sexes,22.0,-80.0
Cuba,1999,25.5,Both sexes,22.0,-80.0
Cuba,2000,22.7,Both sexes,22.0,-80.0
Cuba,2001,20.4,Both sexes,22.0,-80.0
Cuba,2002,20.0,Both sexes,22.0,-80.0
Cuba,2003,18.4,Both sexes,22.0,-80.0
Cuba,2004,18.0,Both sexes,22.0,-80.0
Cuba,2005,17.2,Both sexes,22.0,-80.0
Cuba,2006,16.9,Both sexes,22.0,-80.0
Cuba,2007,15.7,Both sexes,22.0,-80.0
Cuba,2008,15.9,Both sexes,22.0,-80.0
Cuba,2009,16.8,Both sexes,22.0,-80.0
Cuba,2010,16.8,Both sexes,22.0,-80.0
Cuba,2011,17.3,Both sexes,22.0,-80.0
Cuba,2012,17.0,Both sexes,22.0,-80.0
Cuba,2013,15.9,Both sexes,22.0,-80.0
Cuba,2014,15.4,Both sexes,22.0,-80.0
Cuba,2015,16.2,Both sexes,22.0,-80.0
Cyprus,1999,0.1,Both sexes,35.0,33.0
Cyprus,2000,0.7,Both sexes,35.0,33.0
Cyprus,2004,0.8,Both sexes,35.0,33.0
Cyprus,2005,2.1,Both sexes,35.0,33.0
Cyprus,2006,2.3,Both sexes,35.0,33.0
Cyprus,2007,3.0,Both sexes,35.0,33.0
Cyprus,2008,4.9,Both sexes,35.0,33.0
Cyprus,2009,4.6,Both sexes,35.0,33.0
Cyprus,2010,4.9,Both sexes,35.0,33.0
Cyprus,2011,3.6,Both sexes,35.0,33.0
Cyprus,2012,3.6,Both sexes,35.0,33.0
Cyprus,2013,5.4,Both sexes,35.0,33.0
Cyprus,2014,4.8,Both sexes,35.0,33.0
Cyprus,2015,4.1,Both sexes,35.0,33.0
Cyprus,2016,4.7,Both sexes,35.0,33.0
Czech Republic,1990,26.2,Both sexes,49.75,15.5
Czech Republic,1991,24.3,Both sexes,49.75,15.5
Czech Republic,1992,25.3,Both sexes,49.75,15.5
Czech Republic,1993,24.8,Both sexes,49.75,15.5
Czech Republic,1994,24.4,Both sexes,49.75,15.5
Czech Republic,1995,22.0,Both sexes,49.75,15.5
Czech Republic,1996,20.3,Both sexes,49.75,15.5
Czech Republic,1997,19.5,Both sexes,49.75,15.5
Czech Republic,1998,18.9,Both sexes,49.75,15.5
Czech Republic,1999,19.7,Both sexes,49.75,15.5
Czech Republic,2000,18.9,Both sexes,49.75,15.5
Czech Republic,2001,18.4,Both sexes,49.75,15.5
Czech Republic,2002,17.7,Both sexes,49.75,15.5
Czech Republic,2003,19.6,Both sexes,49.75,15.5
Czech Republic,2004,16.9,Both sexes,49.75,15.5
Czech Republic,2005,16.1,Both sexes,49.75,15.5
Czech Republic,2006,14.9,Both sexes,49.75,15.5
Czech Republic,2007,14.2,Both sexes,49.75,15.5
Czech Republic,2008,14.6,Both sexes,49.75,15.5
Czech Republic,2009,15.0,Both sexes,49.75,15.5
Czech Republic,2010,14.6,Both sexes,49.75,15.5
Czech Republic,2011,15.5,Both sexes,49.75,15.5
Czech Republic,2012,16.4,Both sexes,49.75,15.5
Czech Republic,2013,15.5,Both sexes,49.75,15.5
Czech Republic,2014,14.6,Both sexes,49.75,15.5
Czech Republic,2015,14.2,Both sexes,49.75,15.5
Czech Republic,2016,16.2,Both sexes,49.75,15.5
Denmark,1994,21.1,Both sexes,56.0,10.0
Denmark,1995,19.9,Both sexes,56.0,10.0
Denmark,1996,19.1,Both sexes,56.0,10.0
Denmark,1997,18.2,Both sexes,56.0,10.0
Denmark,1998,15.7,Both sexes,56.0,10.0
Denmark,1999,15.3,Both sexes,56.0,10.0
Denmark,2000,15.1,Both sexes,56.0,10.0
Denmark,2001,15.5,Both sexes,56.0,10.0
Denmark,2002,14.7,Both sexes,56.0,10.0
Denmark,2003,13.1,Both sexes,56.0,10.0
Denmark,2004,13.5,Both sexes,56.0,10.0
Denmark,2005,13.7,Both sexes,56.0,10.0
Denmark,2006,13.5,Both sexes,56.0,10.0
Denmark,2007,11.7,Both sexes,56.0,10.0
Denmark,2008,11.9,Both sexes,56.0,10.0
Denmark,2009,12.1,Both sexes,56.0,10.0
Denmark,2010,10.8,Both sexes,56.0,10.0
Denmark,2011,10.5,Both sexes,56.0,10.0
Denmark,2012,11.9,Both sexes,56.0,10.0
Denmark,2013,11.2,Both sexes,56.0,10.0
Denmark,2014,11.5,Both sexes,56.0,10.0
Denmark,2015,10.1,Both sexes,56.0,10.0
Dominica,1985,0.0,Both sexes,15.42,-61.33
Ecuador,1985,6.9,Both sexes,-2.0,-77.5
Ecuador,1986,6.4,Both sexes,-2.0,-77.5
Ecuador,1987,5.2,Both sexes,-2.0,-77.5
Ecuador,1988,6.3,Both sexes,-2.0,-77.5
Ecuador,1989,5.9,Both sexes,-2.0,-77.5
Ecuador,1990,5.0,Both sexes,-2.0,-77.5
Ecuador,1991,5.6,Both sexes,-2.0,-77.5
Ecuador,1992,6.3,Both sexes,-2.0,-77.5
Ecuador,1993,5.9,Both sexes,-2.0,-77.5
Ecuador,1994,5.6,Both sexes,-2.0,-77.5
Ecuador,1995,5.7,Both sexes,-2.0,-77.5
Ecuador,1996,6.4,Both sexes,-2.0,-77.5
Ecuador,1997,5.6,Both sexes,-2.0,-77.5
Ecuador,1998,5.2,Both sexes,-2.0,-77.5
Ecuador,1999,6.0,Both sexes,-2.0,-77.5
Ecuador,2000,4.8,Both sexes,-2.0,-77.5
Ecuador,2001,5.6,Both sexes,-2.0,-77.5
Ecuador,2002,5.1,Both sexes,-2.0,-77.5
Ecuador,2003,5.9,Both sexes,-2.0,-77.5
Ecuador,2004,7.0,Both sexes,-2.0,-77.5
Ecuador,2005,8.1,Both sexes,-2.0,-77.5
Ecuador,2006,7.8,Both sexes,-2.0,-77.5
Ecuador,2007,8.0,Both sexes,-2.0,-77.5
Ecuador,2008,7.9,Both sexes,-2.0,-77.5
Ecuador,2009,7.9,Both sexes,-2.0,-77.5
Ecuador,2010,6.8,Both sexes,-2.0,-77.5
Ecuador,2011,6.8,Both sexes,-2.0,-77.5
Ecuador,2012,7.1,Both sexes,-2.0,-77.5
Ecuador,2013,5.2,Both sexes,-2.0,-77.5
Ecuador,2014,5.5,Both sexes,-2.0,-77.5
Ecuador,2015,8.1,Both sexes,-2.0,-77.5
El Salvador,1990,15.4,Both sexes,13.83,-88.92
El Salvador,1991,14.3,Both sexes,13.83,-88.92
El Salvador,1992,10.1,Both sexes,13.83,-88.92
El Salvador,1993,10.3,Both sexes,13.83,-88.92
El Salvador,1995,13.3,Both sexes,13.83,-88.92
El Salvador,1996,12.1,Both sexes,13.83,-88.92
El Salvador,1997,11.7,Both sexes,13.83,-88.92
El Salvador,1998,10.2,Both sexes,13.83,-88.92
El Salvador,1999,10.7,Both sexes,13.83,-88.92
El Salvador,2000,9.2,Both sexes,13.83,-88.92
El Salvador,2001,10.8,Both sexes,13.83,-88.92
El Salvador,2002,9.4,Both sexes,13.83,-88.92
El Salvador,2003,10.7,Both sexes,13.83,-88.92
El Salvador,2004,9.3,Both sexes,13.83,-88.92
El Salvador,2005,9.6,Both sexes,13.83,-88.92
El Salvador,2006,8.3,Both sexes,13.83,-88.92
El Salvador,2007,10.6,Both sexes,13.83,-88.92
El Salvador,2008,10.5,Both sexes,13.83,-88.92
El Salvador,2009,10.3,Both sexes,13.83,-88.92
El Salvador,2010,8.2,Both sexes,13.83,-88.92
El Salvador,2011,9.6,Both sexes,13.83,-88.92
El Salvador,2012,10.3,Both sexes,13.83,-88.92
El Salvador,2013,9.7,Both sexes,13.83,-88.92
El Salvador,2014,8.5,Both sexes,13.83,-88.92
Estonia,1995,45.3,Both sexes,59.0,26.0
Estonia,1996,44.1,Both sexes,59.0,26.0
Estonia,1997,41.8,Both sexes,59.0,26.0
Estonia,1998,35.6,Both sexes,59.0,26.0
Estonia,1999,40.5,Both sexes,59.0,26.0
Estonia,2000,30.4,Both sexes,59.0,26.0
Estonia,2001,31.0,Both sexes,59.0,26.0
Estonia,2002,29.9,Both sexes,59.0,26.0
Estonia,2003,28.2,Both sexes,59.0,26.0
Estonia,2004,25.0,Both sexes,59.0,26.0
Estonia,2005,21.4,Both sexes,59.0,26.0
Estonia,2006,20.2,Both sexes,59.0,26.0
Estonia,2007,22.1,Both sexes,59.0,26.0
Estonia,2008,20.4,Both sexes,59.0,26.0
Estonia,2009,20.7,Both sexes,59.0,26.0
Estonia,2010,19.1,Both sexes,59.0,26.0
Estonia,2011,19.1,Both sexes,59.0,26.0
Estonia,2012,20.1,Both sexes,59.0,26.0
Estonia,2013,19.3,Both sexes,59.0,26.0
Estonia,2014,21.6,Both sexes,59.0,26.0
Estonia,2015,17.1,Both sexes,59.0,26.0
Fiji,2001,4.6,Both sexes,-18.0,175.0
Fiji,2002,9.2,Both sexes,-18.0,175.0
Fiji,2003,1.3,Both sexes,-18.0,175.0
Fiji,2004,7.5,Both sexes,-18.0,175.0
Fiji,2005,4.4,Both sexes,-18.0,175.0
Fiji,2006,2.6,Both sexes,-18.0,175.0
Fiji,2007,1.7,Both sexes,-18.0,175.0
Fiji,2008,4.0,Both sexes,-18.0,175.0
Fiji,2009,4.3,Both sexes,-18.0,175.0
Fiji,2011,8.9,Both sexes,-18.0,175.0
Fiji,2012,7.6,Both sexes,-18.0,175.0
Finland,1987,28.9,Both sexes,64.0,26.0
Finland,1988,29.5,Both sexes,64.0,26.0
Finland,1989,31.1,Both sexes,64.0,26.0
Finland,1990,33.0,Both sexes,64.0,26.0
Finland,1991,31.5,Both sexes,64.0,26.0
Finland,1992,29.2,Both sexes,64.0,26.0
Finland,1993,27.8,Both sexes,64.0,26.0
Finland,1994,27.5,Both sexes,64.0,26.0
Finland,1995,27.1,Both sexes,64.0,26.0
Finland,1996,24.1,Both sexes,64.0,26.0
Finland,1997,25.9,Both sexes,64.0,26.0
Finland,1998,25.1,Both sexes,64.0,26.0
Finland,1999,23.6,Both sexes,64.0,26.0
Finland,2000,22.1,Both sexes,64.0,26.0
Finland,2001,22.3,Both sexes,64.0,26.0
Finland,2002,21.3,Both sexes,64.0,26.0
Finland,2003,20.3,Both sexes,64.0,26.0
Finland,2004,20.3,Both sexes,64.0,26.0
Finland,2005,19.2,Both sexes,64.0,26.0
Finland,2006,19.5,Both sexes,64.0,26.0
Finland,2007,18.6,Both sexes,64.0,26.0
Finland,2008,18.4,Both sexes,64.0,26.0
Finland,2009,19.0,Both sexes,64.0,26.0
Finland,2010,17.9,Both sexes,64.0,26.0
Finland,2011,17.0,Both sexes,64.0,26.0
Finland,2012,15.6,Both sexes,64.0,26.0
Finland,2013,16.4,Both sexes,64.0,26.0
Finland,2014,14.8,Both sexes,64.0,26.0
Finland,2015,13.4,Both sexes,64.0,26.0
France,1985,29.1,Both sexes,46.0,2.0
France,1986,29.3,Both sexes,46.0,2.0
France,1987,27.6,Both sexes,46.0,2.0
France,1988,26.1,Both sexes,46.0,2.0
France,1989,26.0,Both sexes,46.0,2.0
France,1990,25.2,Both sexes,46.0,2.0
France,1991,24.8,Both sexes,46.0,2.0
France,1992,25.1,Both sexes,46.0,2.0
France,1993,26.1,Both sexes,46.0,2.0
France,1994,25.0,Both sexes,46.0,2.0
France,1995,24.4,Both sexes,46.0,2.0
France,1996,22.6,Both sexes,46.0,2.0
France,1997,22.2,Both sexes,46.0,2.0
France,1998,21.1,Both sexes,46.0,2.0
France,1999,20.5,Both sexes,46.0,2.0
France,2000,21.4,Both sexes,46.0,2.0
France,2001,20.0,Both sexes,46.0,2.0
France,2002,19.9,Both sexes,46.0,2.0
France,2003,20.1,Both sexes,46.0,2.0
France,2004,19.4,Both sexes,46.0,2.0
France,2005,19.3,Both sexes,46.0,2.0
France,2006,18.4,Both sexes,46.0,2.0
France,2007,17.8,Both sexes,46.0,2.0
France,2008,18.0,Both sexes,46.0,2.0
France,2009,18.0,Both sexes,46.0,2.0
France,2010,17.6,Both sexes,46.0,2.0
France,2011,17.6,Both sexes,46.0,2.0
France,2012,16.6,Both sexes,46.0,2.0
France,2013,16.0,Both sexes,46.0,2.0
France,2014,15.0,Both sexes,46.0,2.0
Georgia,1990,5.4,Both sexes,42.0,43.5
Georgia,1991,4.4,Both sexes,42.0,43.5
Georgia,1992,5.0,Both sexes,42.0,43.5
Georgia,1994,3.1,Both sexes,42.0,43.5
Georgia,1995,3.4,Both sexes,42.0,43.5
Georgia,1996,5.0,Both sexes,42.0,43.5
Georgia,1997,5.1,Both sexes,42.0,43.5
Georgia,1998,4.1,Both sexes,42.0,43.5
Georgia,1999,5.7,Both sexes,42.0,43.5
Georgia,2000,3.9,Both sexes,42.0,43.5
Georgia,2001,2.9,Both sexes,42.0,43.5
Georgia,2004,5.5,Both sexes,42.0,43.5
Georgia,2005,2.4,Both sexes,42.0,43.5
Georgia,2006,2.0,Both sexes,42.0,43.5
Georgia,2007,3.0,Both sexes,42.0,43.5
Georgia,2009,5.4,Both sexes,42.0,43.5
Georgia,2010,2.9,Both sexes,42.0,43.5
Georgia,2011,3.0,Both sexes,42.0,43.5
Georgia,2012,2.9,Both sexes,42.0,43.5
Georgia,2013,4.6,Both sexes,42.0,43.5
Georgia,2014,6.2,Both sexes,42.0,43.5
Georgia,2015,7.1,Both sexes,42.0,43.5
Germany,1990,21.6,Both sexes,51.0,9.0
Germany,1991,21.5,Both sexes,51.0,9.0
Germany,1992,20.8,Both sexes,51.0,9.0
Germany,1993,19.6,Both sexes,51.0,9.0
Germany,1994,19.2,Both sexes,51.0,9.0
Germany,1995,19.5,Both sexes,51.0,9.0
Germany,1996,18.0,Both sexes,51.0,9.0
Germany,1997,17.6,Both sexes,51.0,9.0
Germany,1998,16.7,Both sexes,51.0,9.0
Germany,1999,15.8,Both sexes,51.0,9.0
Germany,2000,15.5,Both sexes,51.0,9.0
Germany,2001,15.5,Both sexes,51.0,9.0
Germany,2002,15.3,Both sexes,51.0,9.0
Germany,2003,15.1,Both sexes,51.0,9.0
Germany,2004,14.4,Both sexes,51.0,9.0
Germany,2005,13.5,Both sexes,51.0,9.0
Germany,2006,12.7,Both sexes,51.0,9.0
Germany,2007,12.2,Both sexes,51.0,9.0
Germany,2008,12.1,Both sexes,51.0,9.0
Germany,2009,12.1,Both sexes,51.0,9.0
Germany,2010,12.7,Both sexes,51.0,9.0
Germany,2011,12.7,Both sexes,51.0,9.0
Germany,2012,12.4,Both sexes,51.0,9.0
Germany,2013,12.8,Both sexes,51.0,9.0
Germany,2014,12.8,Both sexes,51.0,9.0
Germany,2015,12.5,Both sexes,51.0,9.0
Greece,1985,4.8,Both sexes,39.0,22.0
Greece,1986,5.1,Both sexes,39.0,22.0
Greece,1987,5.3,Both sexes,39.0,22.0
Greece,1988,5.0,Both sexes,39.0,22.0
Greece,1989,4.5,Both sexes,39.0,22.0
Greece,1990,4.3,Both sexes,39.0,22.0
Greece,1991,4.5,Both sexes,39.0,22.0
Greece,1992,4.1,Both sexes,39.0,22.0
Greece,1993,4.4,Both sexes,39.0,22.0
Greece,1994,3.9,Both sexes,39.0,22.0
Greece,1995,4.1,Both sexes,39.0,22.0
Greece,1996,3.8,Both sexes,39.0,22.0
Greece,1997,4.0,Both sexes,39.0,22.0
Greece,1998,4.0,Both sexes,39.0,22.0
Greece,1999,3.8,Both sexes,39.0,22.0
Greece,2000,3.7,Both sexes,39.0,22.0
Greece,2001,3.2,Both sexes,39.0,22.0
Greece,2002,3.2,Both sexes,39.0,22.0
Greece,2003,3.4,Both sexes,39.0,22.0
Greece,2004,3.4,Both sexes,39.0,22.0
Greece,2005,3.9,Both sexes,39.0,22.0
Greece,2006,3.8,Both sexes,39.0,22.0
Greece,2007,2.8,Both sexes,39.0,22.0
Greece,2008,3.4,Both sexes,39.0,22.0
Greece,2009,3.4,Both sexes,39.0,22.0
Greece,2010,3.3,Both sexes,39.0,22.0
Greece,2011,4.1,Both sexes,39.0,22.0
Greece,2012,4.4,Both sexes,39.0,22.0
Greece,2013,4.6,Both sexes,39.0,22.0
Greece,2014,5.0,Both sexes,39.0,22.0
Greece,2015,4.7,Both sexes,39.0,22.0
Grenada,1985,2.1,Both sexes,12.12,-61.68
Grenada,1988,3.9,Both sexes,12.12,-61.68
Grenada,1989,5.4,Both sexes,12.12,-61.68
Grenada,1990,2.1,Both sexes,12.12,-61.68
Grenada,1991,0.0,Both sexes,12.12,-61.68
Grenada,1992,0.0,Both sexes,12.12,-61.68
Grenada,1993,2.9,Both sexes,12.12,-61.68
Grenada,1994,5.1,Both sexes,12.12,-61.68
Grenada,1995,4.3,Both sexes,12.12,-61.68
Grenada,1996,1.0,Both sexes,12.12,-61.68
Grenada,2001,0.0,Both sexes,12.12,-61.68
Grenada,2002,0.0,Both sexes,12.12,-61.68
Grenada,2003,5.8,Both sexes,12.12,-61.68
Grenada,2004,1.1,Both sexes,12.12,-61.68
Grenada,2005,13.4,Both sexes,12.12,-61.68
Grenada,2006,0.8,Both sexes,12.12,-61.68
Grenada,2007,4.0,Both sexes,12.12,-61.68
Grenada,2008,0.0,Both sexes,12.12,-61.68
Grenada,2009,0.0,Both sexes,12.12,-61.68
Grenada,2010,0.0,Both sexes,12.12,-61.68
Grenada,2011,1.7,Both sexes,12.12,-61.68
Grenada,2012,1.5,Both sexes,12.12,-61.68
Grenada,2013,0.0,Both sexes,12.12,-61.68
Grenada,2014,0.0,Both sexes,12.12,-61.68
Grenada,2015,0.0,Both sexes,12.12,-61.68
Grenada,2016,0.0,Both sexes,12.12,-61.68
Guatemala,1986,3.6,Both sexes,15.5,-90.25
Guatemala,1987,4.8,Both sexes,15.5,-90.25
Guatemala,1988,3.9,Both sexes,15.5,-90.25
Guatemala,1989,2.9,Both sexes,15.5,-90.25
Guatemala,1990,2.8,Both sexes,15.5,-90.25
Guatemala,1991,2.8,Both sexes,15.5,-90.25
Guatemala,1992,3.2,Both sexes,15.5,-90.25
Guatemala,1993,2.6,Both sexes,15.5,-90.25
Guatemala,1994,2.2,Both sexes,15.5,-90.25
Guatemala,1995,2.8,Both sexes,15.5,-90.25
Guatemala,1996,2.5,Both sexes,15.5,-90.25
Guatemala,1997,2.2,Both sexes,15.5,-90.25
Guatemala,1998,3.1,Both sexes,15.5,-90.25
Guatemala,1999,3.0,Both sexes,15.5,-90.25
Guatemala,2000,2.3,Both sexes,15.5,-90.25
Guatemala,2001,2.5,Both sexes,15.5,-90.25
Guatemala,2002,3.4,Both sexes,15.5,-90.25
Guatemala,2003,3.1,Both sexes,15.5,-90.25
Guatemala,2004,2.5,Both sexes,15.5,-90.25
Guatemala,2005,2.7,Both sexes,15.5,-90.25
Guatemala,2006,3.5,Both sexes,15.5,-90.25
Guatemala,2007,3.4,Both sexes,15.5,-90.25
Guatemala,2008,4.6,Both sexes,15.5,-90.25
Guatemala,2009,4.8,Both sexes,15.5,-90.25
Guatemala,2010,3.0,Both sexes,15.5,-90.25
Guatemala,2011,2.9,Both sexes,15.5,-90.25
Guatemala,2012,3.5,Both sexes,15.5,-90.25
Guatemala,2013,3.4,Both sexes,15.5,-90.25
Guatemala,2014,3.8,Both sexes,15.5,-90.25
Guatemala,2015,3.7,Both sexes,15.5,-90.25
Guyana,1988,7.7,Both sexes,5.0,-59.0
Guyana,1989,15.4,Both sexes,5.0,-59.0
Guyana,1990,14.8,Both sexes,5.0,-59.0
Guyana,1991,19.4,Both sexes,5.0,-59.0
Guyana,1992,15.2,Both sexes,5.0,-59.0
Guyana,1993,9.7,Both sexes,5.0,-59.0
Guyana,1994,13.5,Both sexes,5.0,-59.0
Guyana,1995,17.4,Both sexes,5.0,-59.0
Guyana,1996,10.7,Both sexes,5.0,-59.0
Guyana,1997,6.9,Both sexes,5.0,-59.0
Guyana,1998,5.4,Both sexes,5.0,-59.0
Guyana,1999,26.1,Both sexes,5.0,-59.0
Guyana,2001,31.7,Both sexes,5.0,-59.0
Guyana,2002,26.0,Both sexes,5.0,-59.0
Guyana,2003,31.9,Both sexes,5.0,-59.0
Guyana,2004,33.3,Both sexes,5.0,-59.0
Guyana,2005,27.8,Both sexes,5.0,-59.0
Guyana,2006,32.9,Both sexes,5.0,-59.0
Guyana,2007,31.1,Both sexes,5.0,-59.0
Guyana,2008,29.5,Both sexes,5.0,-59.0
Guyana,2009,25.1,Both sexes,5.0,-59.0
Guyana,2010,33.6,Both sexes,5.0,-59.0
Guyana,2011,29.1,Both sexes,5.0,-59.0
Guyana,2012,30.7,Both sexes,5.0,-59.0
Guyana,2013,29.7,Both sexes,5.0,-59.0
Hungary,1991,47.9,Both sexes,47.0,20.0
Hungary,1992,47.5,Both sexes,47.0,20.0
Hungary,1993,44.9,Both sexes,47.0,20.0
Hungary,1994,44.7,Both sexes,47.0,20.0
Hungary,1995,41.1,Both sexes,47.0,20.0
Hungary,1996,40.2,Both sexes,47.0,20.0
Hungary,1997,39.2,Both sexes,47.0,20.0
Hungary,1998,36.4,Both sexes,47.0,20.0
Hungary,1999,40.3,Both sexes,47.0,20.0
Hungary,2000,38.7,Both sexes,47.0,20.0
Hungary,2001,34.1,Both sexes,47.0,20.0
Hungary,2002,31.9,Both sexes,47.0,20.0
Hungary,2003,31.0,Both sexes,47.0,20.0
Hungary,2004,30.8,Both sexes,47.0,20.0
Hungary,2005,29.3,Both sexes,47.0,20.0
Hungary,2006,26.1,Both sexes,47.0,20.0
Hungary,2007,27.3,Both sexes,47.0,20.0
Hungary,2008,27.6,Both sexes,47.0,20.0
Hungary,2009,25.9,Both sexes,47.0,20.0
Hungary,2010,26.8,Both sexes,47.0,20.0
Hungary,2011,25.0,Both sexes,47.0,20.0
Hungary,2012,25.5,Both sexes,47.0,20.0
Hungary,2013,22.2,Both sexes,47.0,20.0
Hungary,2014,20.4,Both sexes,47.0,20.0
Hungary,2015,21.4,Both sexes,47.0,20.0
Hungary,2016,24.1,Both sexes,47.0,20.0
Iceland,1985,14.3,Both sexes,65.0,-18.0
Iceland,1986,17.9,Both sexes,65.0,-18.0
Iceland,1987,17.5,Both sexes,65.0,-18.0
Iceland,1988,14.0,Both sexes,65.0,-18.0
Iceland,1989,9.2,Both sexes,65.0,-18.0
Iceland,1990,15.0,Both sexes,65.0,-18.0
Iceland,1991,16.6,Both sexes,65.0,-18.0
Iceland,1992,10.2,Both sexes,65.0,-18.0
Iceland,1993,9.1,Both sexes,65.0,-18.0
Iceland,1994,10.5,Both sexes,65.0,-18.0
Iceland,1995,10.8,Both sexes,65.0,-18.0
Iceland,1996,14.8,Both sexes,65.0,-18.0
Iceland,1997,13.7,Both sexes,65.0,-18.0
Iceland,1998,11.8,Both sexes,65.0,-18.0
Iceland,1999,10.7,Both sexes,65.0,-18.0
Iceland,2000,17.3,Both sexes,65.0,-18.0
Iceland,2001,13.6,Both sexes,65.0,-18.0
Iceland,2002,10.9,Both sexes,65.0,-18.0
Iceland,2003,8.4,Both sexes,65.0,-18.0
Iceland,2004,14.1,Both sexes,65.0,-18.0
Iceland,2005,9.6,Both sexes,65.0,-18.0
Iceland,2006,8.9,Both sexes,65.0,-18.0
Iceland,2007,13.6,Both sexes,65.0,-18.0
Iceland,2008,11.3,Both sexes,65.0,-18.0
Iceland,2009,10.3,Both sexes,65.0,-18.0
Iceland,2010,15.4,Both sexes,65.0,-18.0
Iceland,2011,7.7,Both sexes,65.0,-18.0
Iceland,2012,12.1,Both sexes,65.0,-18.0
Iceland,2013,18.4,Both sexes,65.0,-18.0
Iceland,2014,16.5,Both sexes,65.0,-18.0
Iceland,2015,11.7,Both sexes,65.0,-18.0
Iceland,2016,13.8,Both sexes,65.0,-18.0
Ireland,1985,8.5,Both sexes,53.0,-8.0
Ireland,1986,8.7,Both sexes,53.0,-8.0
Ireland,1987,8.0,Both sexes,53.0,-8.0
Ireland,1988,9.4,Both sexes,53.0,-8.0
Ireland,1989,9.2,Both sexes,53.0,-8.0
Ireland,1990,10.5,Both sexes,53.0,-8.0
Ireland,1991,10.5,Both sexes,53.0,-8.0
Ireland,1992,11.5,Both sexes,53.0,-8.0
Ireland,1993,9.8,Both sexes,53.0,-8.0
Ireland,1994,11.9,Both sexes,53.0,-8.0
Ireland,1995,12.0,Both sexes,53.0,-8.0
Ireland,1996,12.1,Both sexes,53.0,-8.0
Ireland,1997,13.0,Both sexes,53.0,-8.0
Ireland,1998,13.5,Both sexes,53.0,-8.0
Ireland,1999,11.8,Both sexes,53.0,-8.0
Ireland,2000,11.9,Both sexes,53.0,-8.0
Ireland,2001,12.4,Both sexes,53.0,-8.0
Ireland,2002,11.3,Both sexes,53.0,-8.0
Ireland,2003,11.2,Both sexes,53.0,-8.0
Ireland,2004,10.8,Both sexes,53.0,-8.0
Ireland,2005,10.1,Both sexes,53.0,-8.0
Ireland,2006,10.5,Both sexes,53.0,-8.0
Ireland,2007,10.1,Both sexes,53.0,-8.0
Ireland,2008,10.8,Both sexes,53.0,-8.0
Ireland,2009,11.1,Both sexes,53.0,-8.0
Ireland,2010,10.0,Both sexes,53.0,-8.0
Ireland,2011,11.5,Both sexes,53.0,-8.0
Ireland,2012,11.5,Both sexes,53.0,-8.0
Ireland,2013,9.8,Both sexes,53.0,-8.0
Ireland,2014,10.0,Both sexes,53.0,-8.0
Israel,1985,9.3,Both sexes,31.5,34.75
Israel,1986,10.9,Both sexes,31.5,34.75
Israel,1987,11.1,Both sexes,31.5,34.75
Israel,1988,10.3,Both sexes,31.5,34.75
Israel,1989,14.2,Both sexes,31.5,34.75
Israel,1990,10.2,Both sexes,31.5,34.75
Israel,1991,11.6,Both sexes,31.5,34.75
Israel,1992,10.9,Both sexes,31.5,34.75
Israel,1993,11.4,Both sexes,31.5,34.75
Israel,1994,12.5,Both sexes,31.5,34.75
Israel,1995,10.6,Both sexes,31.5,34.75
Israel,1996,9.2,Both sexes,31.5,34.75
Israel,1997,10.5,Both sexes,31.5,34.75
Israel,1998,8.3,Both sexes,31.5,34.75
Israel,1999,8.5,Both sexes,31.5,34.75
Israel,2000,9.0,Both sexes,31.5,34.75
Israel,2001,9.0,Both sexes,31.5,34.75
Israel,2002,7.8,Both sexes,31.5,34.75
Israel,2003,8.1,Both sexes,31.5,34.75
Israel,2004,8.2,Both sexes,31.5,34.75
Israel,2005,8.6,Both sexes,31.5,34.75
Israel,2006,6.7,Both sexes,31.5,34.75
Israel,2007,6.1,Both sexes,31.5,34.75
Israel,2008,7.3,Both sexes,31.5,34.75
Israel,2009,6.7,Both sexes,31.5,34.75
Israel,2010,8.3,Both sexes,31.5,34.75
Israel,2011,7.3,Both sexes,31.5,34.75
Israel,2012,7.0,Both sexes,31.5,34.75
Israel,2013,6.2,Both sexes,31.5,34.75
Israel,2014,5.9,Both sexes,31.5,34.75
Israel,2015,5.5,Both sexes,31.5,34.75
Italy,1985,11.1,Both sexes,42.83,12.83
Italy,1986,10.9,Both sexes,42.83,12.83
Italy,1987,10.5,Both sexes,42.83,12.83
Italy,1988,10.2,Both sexes,42.83,12.83
Italy,1989,9.7,Both sexes,42.83,12.83
Italy,1990,10.2,Both sexes,42.83,12.83
Italy,1991,9.7,Both sexes,42.83,12.83
Italy,1992,9.6,Both sexes,42.83,12.83
Italy,1993,10.1,Both sexes,42.83,12.83
Italy,1994,9.9,Both sexes,42.83,12.83
Italy,1995,9.8,Both sexes,42.83,12.83
Italy,1996,9.6,Both sexes,42.83,12.83
Italy,1997,9.8,Both sexes,42.83,12.83
Italy,1998,9.5,Both sexes,42.83,12.83
Italy,1999,8.3,Both sexes,42.83,12.83
Italy,2000,8.3,Both sexes,42.83,12.83
Italy,2001,8.0,Both sexes,42.83,12.83
Italy,2002,7.9,Both sexes,42.83,12.83
Italy,2003,7.9,Both sexes,42.83,12.83
Italy,2004,7.6,Both sexes,42.83,12.83
Italy,2005,6.9,Both sexes,42.83,12.83
Italy,2006,6.8,Both sexes,42.83,12.83
Italy,2007,6.8,Both sexes,42.83,12.83
Italy,2008,6.8,Both sexes,42.83,12.83
Italy,2009,6.8,Both sexes,42.83,12.83
Italy,2010,6.7,Both sexes,42.83,12.83
Italy,2011,7.2,Both sexes,42.83,12.83
Italy,2012,7.1,Both sexes,42.83,12.83
Italy,2013,7.1,Both sexes,42.83,12.83
Italy,2014,6.8,Both sexes,42.83,12.83
Italy,2015,6.5,Both sexes,42.83,12.83
Jamaica,1985,0.8,Both sexes,18.17,-77.3
Jamaica,1986,0.0,Both sexes,18.17,-77.3
Jamaica,1987,0.6,Both sexes,18.17,-77.3
Jamaica,1988,0.4,Both sexes,18.17,-77.3
Jamaica,1989,0.0,Both sexes,18.17,-77.3
Jamaica,1990,0.1,Both sexes,18.17,-77.3
Jamaica,1991,0.1,Both sexes,18.17,-77.3
Jamaica,2000,0.1,Both sexes,18.17,-77.3
Jamaica,2001,0.2,Both sexes,18.17,-77.3
Jamaica,2002,0.1,Both sexes,18.17,-77.3
Jamaica,2003,0.1,Both sexes,18.17,-77.3
Jamaica,2004,0.1,Both sexes,18.17,-77.3
Jamaica,2005,2.2,Both sexes,18.17,-77.3
Jamaica,2006,0.0,Both sexes,18.17,-77.3
Jamaica,2009,1.8,Both sexes,18.17,-77.3
Jamaica,2010,0.1,Both sexes,18.17,-77.3
Jamaica,2011,2.3,Both sexes,18.17,-77.3
Japan,1985,25.0,Both sexes,36.0,138.0
Japan,1986,27.0,Both sexes,36.0,138.0
Japan,1987,24.6,Both sexes,36.0,138.0
Japan,1988,23.7,Both sexes,36.0,138.0
Japan,1989,22.0,Both sexes,36.0,138.0
Japan,1990,20.5,Both sexes,36.0,138.0
Japan,1991,19.5,Both sexes,36.0,138.0
Japan,1992,20.0,Both sexes,36.0,138.0
Japan,1993,18.7,Both sexes,36.0,138.0
Japan,1994,19.1,Both sexes,36.0,138.0
Japan,1995,19.0,Both sexes,36.0,138.0
Japan,1996,19.0,Both sexes,36.0,138.0
Japan,1997,19.8,Both sexes,36.0,138.0
Japan,1998,25.6,Both sexes,36.0,138.0
Japan,1999,24.9,Both sexes,36.0,138.0
Japan,2000,23.2,Both sexes,36.0,138.0
Japan,2001,22.3,Both sexes,36.0,138.0
Japan,2002,22.2,Both sexes,36.0,138.0
Japan,2003,23.3,Both sexes,36.0,138.0
Japan,2004,22.2,Both sexes,36.0,138.0
Japan,2005,22.2,Both sexes,36.0,138.0
Japan,2006,21.9,Both sexes,36.0,138.0
Japan,2007,22.4,Both sexes,36.0,138.0
Japan,2008,22.1,Both sexes,36.0,138.0
Japan,2009,22.2,Both sexes,36.0,138.0
Japan,2010,21.3,Both sexes,36.0,138.0
Japan,2011,21.0,Both sexes,36.0,138.0
Japan,2012,19.5,Both sexes,36.0,138.0
Japan,2013,19.3,Both sexes,36.0,138.0
Japan,2014,18.2,Both sexes,36.0,138.0
Japan,2015,17.2,Both sexes,36.0,138.0
Kazakhstan,1990,27.8,Both sexes,48.0,68.0
Kazakhstan,1991,26.6,Both sexes,48.0,68.0
Kazakhstan,1992,27.0,Both sexes,48.0,68.0
Kazakhstan,1993,31.4,Both sexes,48.0,68.0
Kazakhstan,1994,34.6,Both sexes,48.0,68.0
Kazakhstan,1995,37.9,Both sexes,48.0,68.0
Kazakhstan,1996,37.7,Both sexes,48.0,68.0
Kazakhstan,1997,36.1,Both sexes,48.0,68.0
Kazakhstan,1998,36.7,Both sexes,48.0,68.0
Kazakhstan,1999,34.0,Both sexes,48.0,68.0
Kazakhstan,2000,35.5,Both sexes,48.0,68.0
Kazakhstan,2001,35.2,Both sexes,48.0,68.0
Kazakhstan,2002,33.8,Both sexes,48.0,68.0
Kazakhstan,2003,34.3,Both sexes,48.0,68.0
Kazakhstan,2004,34.5,Both sexes,48.0,68.0
Kazakhstan,2005,29.8,Both sexes,48.0,68.0
Kazakhstan,2006,31.2,Both sexes,48.0,68.0
Kazakhstan,2007,31.3,Both sexes,48.0,68.0
Kazakhstan,2008,30.6,Both sexes,48.0,68.0
Kazakhstan,2009,27.5,Both sexes,48.0,68.0
Kazakhstan,2010,26.7,Both sexes,48.0,68.0
Kazakhstan,2011,24.5,Both sexes,48.0,68.0
Kazakhstan,2012,22.6,Both sexes,48.0,68.0
Kazakhstan,2013,24.7,Both sexes,48.0,68.0
Kazakhstan,2014,21.4,Both sexes,48.0,68.0
Kazakhstan,2015,19.8,Both sexes,48.0,68.0
Kiribati,1991,15.1,Both sexes,1.42,173.0
Kiribati,1992,6.8,Both sexes,1.42,173.0
Kiribati,1993,17.0,Both sexes,1.42,173.0
Kiribati,1994,12.5,Both sexes,1.42,173.0
Kiribati,1995,4.7,Both sexes,1.42,173.0
Kiribati,1996,6.4,Both sexes,1.42,173.0
Kiribati,1997,6.3,Both sexes,1.42,173.0
Kiribati,1998,4.2,Both sexes,1.42,173.0
Kiribati,1999,0.0,Both sexes,1.42,173.0
Kiribati,2000,0.0,Both sexes,1.42,173.0
Kiribati,2001,0.0,Both sexes,1.42,173.0
Kuwait,1985,0.9,Both sexes,29.5,47.75
Kuwait,1986,0.7,Both sexes,29.5,47.75
Kuwait,1987,1.0,Both sexes,29.5,47.75
Kuwait,1993,1.1,Both sexes,29.5,47.75
Kuwait,1994,1.5,Both sexes,29.5,47.75
Kuwait,1995,1.1,Both sexes,29.5,47.75
Kuwait,1996,1.5,Both sexes,29.5,47.75
Kuwait,1997,1.7,Both sexes,29.5,47.75
Kuwait,1998,1.4,Both sexes,29.5,47.75
Kuwait,1999,1.4,Both sexes,29.5,47.75
Kuwait,2000,1.3,Both sexes,29.5,47.75
Kuwait,2001,0.8,Both sexes,29.5,47.75
Kuwait,2002,1.2,Both sexes,29.5,47.75
Kuwait,2003,1.4,Both sexes,29.5,47.75
Kuwait,2004,1.4,Both sexes,29.5,47.75
Kuwait,2005,1.5,Both sexes,29.5,47.75
Kuwait,2006,1.3,Both sexes,29.5,47.75
Kuwait,2007,1.1,Both sexes,29.5,47.75
Kuwait,2008,1.0,Both sexes,29.5,47.75
Kuwait,2009,1.2,Both sexes,29.5,47.75
Kuwait,2010,0.8,Both sexes,29.5,47.75
Kuwait,2011,1.0,Both sexes,29.5,47.75
Kuwait,2012,1.3,Both sexes,29.5,47.75
Kuwait,2013,0.8,Both sexes,29.5,47.75
Kuwait,2014,1.3,Both sexes,29.5,47.75
Kyrgyzstan,1990,20.6,Both sexes,41.0,75.0
Kyrgyzstan,1991,20.5,Both sexes,41.0,75.0
Kyrgyzstan,1992,18.5,Both sexes,41.0,75.0
Kyrgyzstan,1993,21.6,Both sexes,41.0,75.0
Kyrgyzstan,1994,21.2,Both sexes,41.0,75.0
Kyrgyzstan,1995,20.0,Both sexes,41.0,75.0
Kyrgyzstan,1996,17.2,Both sexes,41.0,75.0
Kyrgyzstan,1997,15.9,Both sexes,41.0,75.0
Kyrgyzstan,1998,15.4,Both sexes,41.0,75.0
Kyrgyzstan,1999,16.0,Both sexes,41.0,75.0
Kyrgyzstan,2000,15.2,Both sexes,41.0,75.0
Kyrgyzstan,2001,16.1,Both sexes,41.0,75.0
Kyrgyzstan,2002,14.4,Both sexes,41.0,75.0
Kyrgyzstan,2003,11.5,Both sexes,41.0,75.0
Kyrgyzstan,2004,11.8,Both sexes,41.0,75.0
Kyrgyzstan,2005,11.3,Both sexes,41.0,75.0
Kyrgyzstan,2006,12.2,Both sexes,41.0,75.0
Kyrgyzstan,2007,10.5,Both sexes,41.0,75.0
Kyrgyzstan,2008,11.3,Both sexes,41.0,75.0
Kyrgyzstan,2009,9.4,Both sexes,41.0,75.0
Kyrgyzstan,2010,11.9,Both sexes,41.0,75.0
Kyrgyzstan,2011,10.6,Both sexes,41.0,75.0
Kyrgyzstan,2012,11.7,Both sexes,41.0,75.0
Kyrgyzstan,2013,9.2,Both sexes,41.0,75.0
Kyrgyzstan,2014,9.3,Both sexes,41.0,75.0
Kyrgyzstan,2015,8.2,Both sexes,41.0,75.0
Latvia,1995,45.5,Both sexes,57.0,25.0
Latvia,1996,41.0,Both sexes,57.0,25.0
Latvia,1997,41.0,Both sexes,57.0,25.0
Latvia,1998,36.8,Both sexes,57.0,25.0
Latvia,1999,35.0,Both sexes,57.0,25.0
Latvia,2000,37.8,Both sexes,57.0,25.0
Latvia,2001,32.0,Both sexes,57.0,25.0
Latvia,2002,30.6,Both sexes,57.0,25.0
Latvia,2003,30.1,Both sexes,57.0,25.0
Latvia,2004,27.4,Both sexes,57.0,25.0
Latvia,2005,26.0,Both sexes,57.0,25.0
Latvia,2006,24.1,Both sexes,57.0,25.0
Latvia,2007,24.6,Both sexes,57.0,25.0
Latvia,2008,27.0,Both sexes,57.0,25.0
Latvia,2009,25.6,Both sexes,57.0,25.0
Latvia,2010,21.6,Both sexes,57.0,25.0
Latvia,2011,24.1,Both sexes,57.0,25.0
Latvia,2012,22.3,Both sexes,57.0,25.0
Latvia,2013,20.2,Both sexes,57.0,25.0
Latvia,2014,20.7,Both sexes,57.0,25.0
Latvia,2015,21.0,Both sexes,57.0,25.0
Lithuania,1995,53.3,Both sexes,56.0,24.0
Lithuania,1996,49.6,Both sexes,56.0,24.0
Lithuania,1997,47.1,Both sexes,56.0,24.0
Lithuania,1998,47.2,Both sexes,56.0,24.0
Lithuania,1999,46.8,Both sexes,56.0,24.0
Lithuania,2000,47.7,Both sexes,56.0,24.0
Lithuania,2001,47.4,Both sexes,56.0,24.0
Lithuania,2002,46.3,Both sexes,56.0,24.0
Lithuania,2003,44.2,Both sexes,56.0,24.0
Lithuania,2004,41.9,Both sexes,56.0,24.0
Lithuania,2005,40.5,Both sexes,56.0,24.0
Lithuania,2006,33.4,Both sexes,56.0,24.0
Lithuania,2007,33.9,Both sexes,56.0,24.0
Lithuania,2008,35.8,Both sexes,56.0,24.0
Lithuania,2009,36.4,Both sexes,56.0,24.0
Lithuania,2010,32.9,Both sexes,56.0,24.0
Lithuania,2011,34.0,Both sexes,56.0,24.0
Lithuania,2012,31.2,Both sexes,56.0,24.0
Lithuania,2013,37.0,Both sexes,56.0,24.0
Lithuania,2014,33.4,Both sexes,56.0,24.0
Lithuania,2015,32.1,Both sexes,56.0,24.0
Lithuania,2016,36.2,Both sexes,56.0,24.0
Luxembourg,1985,20.6,Both sexes,49.75,6.17
Luxembourg,1986,15.3,Both sexes,49.75,6.17
Luxembourg,1987,20.3,Both sexes,49.75,6.17
Luxembourg,1988,17.6,Both sexes,49.75,6.17
Luxembourg,1989,21.8,Both sexes,49.75,6.17
Luxembourg,1990,19.4,Both sexes,49.75,6.17
Luxembourg,1991,23.4,Both sexes,49.75,6.17
Luxembourg,1992,19.0,Both sexes,49.75,6.17
Luxembourg,1993,17.3,Both sexes,49.75,6.17
Luxembourg,1994,23.1,Both sexes,49.75,6.17
Luxembourg,1995,17.5,Both sexes,49.75,6.17
Luxembourg,1996,19.1,Both sexes,49.75,6.17
Luxembourg,1997,25.6,Both sexes,49.75,6.17
Luxembourg,1998,16.8,Both sexes,49.75,6.17
Luxembourg,1999,17.7,Both sexes,49.75,6.17
Luxembourg,2000,18.6,Both sexes,49.75,6.17
Luxembourg,2001,20.0,Both sexes,49.75,6.17
Luxembourg,2002,22.0,Both sexes,49.75,6.17
Luxembourg,2003,13.7,Both sexes,49.75,6.17
Luxembourg,2004,15.8,Both sexes,49.75,6.17
Luxembourg,2005,13.3,Both sexes,49.75,6.17
Luxembourg,2006,15.3,Both sexes,49.75,6.17
Luxembourg,2007,15.3,Both sexes,49.75,6.17
Luxembourg,2008,9.4,Both sexes,49.75,6.17
Luxembourg,2009,9.2,Both sexes,49.75,6.17
Luxembourg,2010,11.8,Both sexes,49.75,6.17
Luxembourg,2011,11.4,Both sexes,49.75,6.17
Luxembourg,2012,11.7,Both sexes,49.75,6.17
Luxembourg,2013,7.6,Both sexes,49.75,6.17
Luxembourg,2014,12.3,Both sexes,49.75,6.17
Luxembourg,2015,11.2,Both sexes,49.75,6.17
Macau,1994,14.3,Both sexes,22.17,113.55
Maldives,2000,0.0,Both sexes,3.25,73.0
Maldives,2001,9.2,Both sexes,3.25,73.0
Maldives,2002,0.8,Both sexes,3.25,73.0
Maldives,2003,1.3,Both sexes,3.25,73.0
Maldives,2004,0.3,Both sexes,3.25,73.0
Maldives,2005,0.2,Both sexes,3.25,73.0
Maldives,2007,1.2,Both sexes,3.25,73.0
Maldives,2008,0.0,Both sexes,3.25,73.0
Maldives,2010,0.2,Both sexes,3.25,73.0
Maldives,2011,0.4,Both sexes,3.25,73.0
Malta,1985,0.7,Both sexes,35.92,14.42
Malta,1986,0.3,Both sexes,35.92,14.42
Malta,1987,1.6,Both sexes,35.92,14.42
Malta,1988,2.4,Both sexes,35.92,14.42
Malta,1989,7.5,Both sexes,35.92,14.42
Malta,1990,2.0,Both sexes,35.92,14.42
Malta,1991,2.5,Both sexes,35.92,14.42
Malta,1992,7.3,Both sexes,35.92,14.42
Malta,1993,4.0,Both sexes,35.92,14.42
Malta,1994,5.4,Both sexes,35.92,14.42
Malta,1995,3.9,Both sexes,35.92,14.42
Malta,1996,4.0,Both sexes,35.92,14.42
Malta,1997,5.9,Both sexes,35.92,14.42
Malta,1998,2.6,Both sexes,35.92,14.42
Malta,1999,7.6,Both sexes,35.92,14.42
Malta,2000,6.5,Both sexes,35.92,14.42
Malta,2001,7.1,Both sexes,35.92,14.42
Malta,2002,4.6,Both sexes,35.92,14.42
Malta,2003,6.2,Both sexes,35.92,14.42
Malta,2004,7.2,Both sexes,35.92,14.42
Malta,2005,5.7,Both sexes,35.92,14.42
Malta,2006,7.3,Both sexes,35.92,14.42
Malta,2007,6.2,Both sexes,35.92,14.42
Malta,2008,3.2,Both sexes,35.92,14.42
Malta,2009,8.9,Both sexes,35.92,14.42
Malta,2010,6.8,Both sexes,35.92,14.42
Malta,2011,4.0,Both sexes,35.92,14.42
Malta,2012,5.0,Both sexes,35.92,14.42
Malta,2013,4.8,Both sexes,35.92,14.42
Malta,2014,8.5,Both sexes,35.92,14.42
Malta,2015,6.5,Both sexes,35.92,14.42
Mauritius,1985,11.9,Both sexes,-20.35,57.55
Mauritius,1986,2.5,Both sexes,-20.35,57.55
Mauritius,1987,14.3,Both sexes,-20.35,57.55
Mauritius,1988,20.5,Both sexes,-20.35,57.55
Mauritius,1989,17.6,Both sexes,-20.35,57.55
Mauritius,1990,13.6,Both sexes,-20.35,57.55
Mauritius,1991,16.4,Both sexes,-20.35,57.55
Mauritius,1992,16.6,Both sexes,-20.35,57.55
Mauritius,1993,14.6,Both sexes,-20.35,57.55
Mauritius,1994,12.9,Both sexes,-20.35,57.55
Mauritius,1995,15.2,Both sexes,-20.35,57.55
Mauritius,1996,13.8,Both sexes,-20.35,57.55
Mauritius,1997,12.0,Both sexes,-20.35,57.55
Mauritius,1998,12.9,Both sexes,-20.35,57.55
Mauritius,1999,15.5,Both sexes,-20.35,57.55
Mauritius,2000,11.7,Both sexes,-20.35,57.55
Mauritius,2001,10.2,Both sexes,-20.35,57.55
Mauritius,2002,11.0,Both sexes,-20.35,57.55
Mauritius,2003,7.8,Both sexes,-20.35,57.55
Mauritius,2004,8.4,Both sexes,-20.35,57.55
Mauritius,2005,8.5,Both sexes,-20.35,57.55
Mauritius,2006,13.6,Both sexes,-20.35,57.55
Mauritius,2007,11.8,Both sexes,-20.35,57.55
Mauritius,2008,6.5,Both sexes,-20.35,57.55
Mauritius,2009,8.8,Both sexes,-20.35,57.55
Mauritius,2010,9.3,Both sexes,-20.35,57.55
Mauritius,2011,10.0,Both sexes,-20.35,57.55
Mauritius,2012,9.5,Both sexes,-20.35,57.55
Mauritius,2013,8.1,Both sexes,-20.35,57.55
Mauritius,2014,9.6,Both sexes,-20.35,57.55
Mauritius,2015,8.3,Both sexes,-20.35,57.55
Mauritius,2016,9.9,Both sexes,-20.35,57.55
Mexico,1985,3.2,Both sexes,23.0,-102.0
Mexico,1986,3.8,Both sexes,23.0,-102.0
Mexico,1987,3.5,Both sexes,23.0,-102.0
Mexico,1988,3.5,Both sexes,23.0,-102.0
Mexico,1989,4.0,Both sexes,23.0,-102.0
Mexico,1990,4.1,Both sexes,23.0,-102.0
Mexico,1991,4.0,Both sexes,23.0,-102.0
Mexico,1992,4.3,Both sexes,23.0,-102.0
Mexico,1993,4.3,Both sexes,23.0,-102.0
Mexico,1994,4.7,Both sexes,23.0,-102.0
Mexico,1995,4.9,Both sexes,23.0,-102.0
Mexico,1996,4.7,Both sexes,23.0,-102.0
Mexico,1997,4.8,Both sexes,23.0,-102.0
Mexico,1998,4.7,Both sexes,23.0,-102.0
Mexico,1999,4.6,Both sexes,23.0,-102.0
Mexico,2000,4.6,Both sexes,23.0,-102.0
Mexico,2001,5.3,Both sexes,23.0,-102.0
Mexico,2002,4.9,Both sexes,23.0,-102.0
Mexico,2003,5.2,Both sexes,23.0,-102.0
Mexico,2004,5.1,Both sexes,23.0,-102.0
Mexico,2005,5.2,Both sexes,23.0,-102.0
Mexico,2006,4.9,Both sexes,23.0,-102.0
Mexico,2007,4.8,Both sexes,23.0,-102.0
Mexico,2008,5.1,Both sexes,23.0,-102.0
Mexico,2009,5.3,Both sexes,23.0,-102.0
Mexico,2010,5.1,Both sexes,23.0,-102.0
Mexico,2011,5.5,Both sexes,23.0,-102.0
Mexico,2012,5.3,Both sexes,23.0,-102.0
Mexico,2013,5.4,Both sexes,23.0,-102.0
Mexico,2014,5.7,Both sexes,23.0,-102.0
Mexico,2015,5.5,Both sexes,23.0,-102.0
Mongolia,2016,18.4,Both sexes,46.0,105.0
Montenegro,2000,0.0,Both sexes,42.5,19.3
Montenegro,2001,0.0,Both sexes,42.5,19.3
Montenegro,2002,0.0,Both sexes,42.5,19.3
Montenegro,2003,0.0,Both sexes,42.5,19.3
Montenegro,2004,0.0,Both sexes,42.5,19.3
Montenegro,2005,22.9,Both sexes,42.5,19.3
Montenegro,2006,0.0,Both sexes,42.5,19.3
Montenegro,2007,28.0,Both sexes,42.5,19.3
Montenegro,2008,25.7,Both sexes,42.5,19.3
Montenegro,2009,23.0,Both sexes,42.5,19.3
Netherlands,1985,13.3,Both sexes,52.5,5.75
Netherlands,1986,13.2,Both sexes,52.5,5.75
Netherlands,1987,13.1,Both sexes,52.5,5.75
Netherlands,1988,12.3,Both sexes,52.5,5.75
Netherlands,1989,11.3,Both sexes,52.5,5.75
Netherlands,1990,11.3,Both sexes,52.5,5.75
Netherlands,1991,12.5,Both sexes,52.5,5.75
Netherlands,1992,12.0,Both sexes,52.5,5.75
Netherlands,1993,11.3,Both sexes,52.5,5.75
Netherlands,1994,11.4,Both sexes,52.5,5.75
Netherlands,1995,10.4,Both sexes,52.5,5.75
Netherlands,1996,11.3,Both sexes,52.5,5.75
Netherlands,1997,11.4,Both sexes,52.5,5.75
Netherlands,1998,10.7,Both sexes,52.5,5.75
Netherlands,1999,10.3,Both sexes,52.5,5.75
Netherlands,2000,9.9,Both sexes,52.5,5.75
Netherlands,2001,9.7,Both sexes,52.5,5.75
Netherlands,2002,10.0,Both sexes,52.5,5.75
Netherlands,2003,9.4,Both sexes,52.5,5.75
Netherlands,2004,9.3,Both sexes,52.5,5.75
Netherlands,2005,9.4,Both sexes,52.5,5.75
Netherlands,2006,9.4,Both sexes,52.5,5.75
Netherlands,2007,8.1,Both sexes,52.5,5.75
Netherlands,2008,8.5,Both sexes,52.5,5.75
Netherlands,2009,9.0,Both sexes,52.5,5.75
Netherlands,2010,9.1,Both sexes,52.5,5.75
Netherlands,2011,9.4,Both sexes,52.5,5.75
Netherlands,2012,9.9,Both sexes,52.5,5.75
Netherlands,2013,10.5,Both sexes,52.5,5.75
Netherlands,2014,10.1,Both sexes,52.5,5.75
Netherlands,2015,10.6,Both sexes,52.5,5.75
Netherlands,2016,12.7,Both sexes,52.5,5.75
New Zealand,1985,12.8,Both sexes,-41.0,174.0
New Zealand,1986,14.9,Both sexes,-41.0,174.0
New Zealand,1987,17.5,Both sexes,-41.0,174.0
New Zealand,1988,17.1,Both sexes,-41.0,174.0
New Zealand,1989,15.9,Both sexes,-41.0,174.0
New Zealand,1990,15.5,Both sexes,-41.0,174.0
New Zealand,1991,14.6,Both sexes,-41.0,174.0
New Zealand,1992,15.3,Both sexes,-41.0,174.0
New Zealand,1993,13.7,Both sexes,-41.0,174.0
New Zealand,1994,16.6,Both sexes,-41.0,174.0
New Zealand,1995,16.6,Both sexes,-41.0,174.0
New Zealand,1996,16.3,Both sexes,-41.0,174.0
New Zealand,1997,16.5,Both sexes,-41.0,174.0
New Zealand,1998,16.8,Both sexes,-41.0,174.0
New Zealand,1999,14.7,Both sexes,-41.0,174.0
New Zealand,2000,13.1,Both sexes,-41.0,174.0
New Zealand,2001,15.0,Both sexes,-41.0,174.0
New Zealand,2002,12.7,Both sexes,-41.0,174.0
New Zealand,2003,14.4,Both sexes,-41.0,174.0
New Zealand,2004,13.6,Both sexes,-41.0,174.0
New Zealand,2005,13.2,Both sexes,-41.0,174.0
New Zealand,2006,13.1,Both sexes,-41.0,174.0
New Zealand,2007,12.3,Both sexes,-41.0,174.0
New Zealand,2008,12.6,Both sexes,-41.0,174.0
New Zealand,2009,12.8,Both sexes,-41.0,174.0
New Zealand,2010,12.7,Both sexes,-41.0,174.0
New Zealand,2011,11.9,Both sexes,-41.0,174.0
New Zealand,2012,13.2,Both sexes,-41.0,174.0
New Zealand,2013,12.0,Both sexes,-41.0,174.0
Nicaragua,2010,7.4,Both sexes,13.0,-85.0
Nicaragua,2011,7.5,Both sexes,13.0,-85.0
Nicaragua,2012,6.0,Both sexes,13.0,-85.0
Nicaragua,2013,6.7,Both sexes,13.0,-85.0
Nicaragua,2014,6.0,Both sexes,13.0,-85.0
Nicaragua,2015,5.8,Both sexes,13.0,-85.0
Norway,1986,13.6,Both sexes,62.0,10.0
Norway,1987,16.0,Both sexes,62.0,10.0
Norway,1988,17.4,Both sexes,62.0,10.0
Norway,1989,16.5,Both sexes,62.0,10.0
Norway,1990,15.9,Both sexes,62.0,10.0
Norway,1991,16.2,Both sexes,62.0,10.0
Norway,1992,15.1,Both sexes,62.0,10.0
Norway,1993,14.8,Both sexes,62.0,10.0
Norway,1994,12.5,Both sexes,62.0,10.0
Norway,1995,13.0,Both sexes,62.0,10.0
Norway,1996,12.8,Both sexes,62.0,10.0
Norway,1997,13.2,Both sexes,62.0,10.0
Norway,1998,12.8,Both sexes,62.0,10.0
Norway,1999,13.6,Both sexes,62.0,10.0
Norway,2000,12.5,Both sexes,62.0,10.0
Norway,2001,12.9,Both sexes,62.0,10.0
Norway,2002,11.8,Both sexes,62.0,10.0
Norway,2003,11.5,Both sexes,62.0,10.0
Norway,2004,11.8,Both sexes,62.0,10.0
Norway,2005,11.8,Both sexes,62.0,10.0
Norway,2006,11.9,Both sexes,62.0,10.0
Norway,2007,10.6,Both sexes,62.0,10.0
Norway,2008,11.0,Both sexes,62.0,10.0
Norway,2009,12.1,Both sexes,62.0,10.0
Norway,2010,11.4,Both sexes,62.0,10.0
Norway,2011,12.2,Both sexes,62.0,10.0
Norway,2012,10.5,Both sexes,62.0,10.0
Norway,2013,10.6,Both sexes,62.0,10.0
Norway,2014,10.6,Both sexes,62.0,10.0
Norway,2015,11.4,Both sexes,62.0,10.0
Oman,2009,1.8,Both sexes,21.0,57.0
Oman,2010,0.3,Both sexes,21.0,57.0
Oman,2014,0.1,Both sexes,21.0,57.0
Panama,1985,4.3,Both sexes,9.0,-80.0
Panama,1986,5.1,Both sexes,9.0,-80.0
Panama,1987,5.6,Both sexes,9.0,-80.0
Panama,1988,5.0,Both sexes,9.0,-80.0
Panama,1989,4.6,Both sexes,9.0,-80.0
Panama,1996,5.5,Both sexes,9.0,-80.0
Panama,1997,6.9,Both sexes,9.0,-80.0
Panama,1998,6.4,Both sexes,9.0,-80.0
Panama,1999,6.5,Both sexes,9.0,-80.0
Panama,2000,7.1,Both sexes,9.0,-80.0
Panama,2001,7.2,Both sexes,9.0,-80.0
Panama,2002,6.6,Both sexes,9.0,-80.0
Panama,2003,8.1,Both sexes,9.0,-80.0
Panama,2004,6.8,Both sexes,9.0,-80.0
Panama,2005,6.5,Both sexes,9.0,-80.0
Panama,2006,7.6,Both sexes,9.0,-80.0
Panama,2007,6.0,Both sexes,9.0,-80.0
Panama,2008,6.1,Both sexes,9.0,-80.0
Panama,2009,5.7,Both sexes,9.0,-80.0
Panama,2010,5.3,Both sexes,9.0,-80.0
Panama,2011,5.2,Both sexes,9.0,-80.0
Panama,2012,4.6,Both sexes,9.0,-80.0
Panama,2013,4.1,Both sexes,9.0,-80.0
Panama,2014,4.7,Both sexes,9.0,-80.0
Panama,2015,3.7,Both sexes,9.0,-80.0
Paraguay,1985,3.3,Both sexes,-23.0,-58.0
Paraguay,1986,2.2,Both sexes,-23.0,-58.0
Paraguay,1987,3.1,Both sexes,-23.0,-58.0
Paraguay,1989,2.9,Both sexes,-23.0,-58.0
Paraguay,1990,3.8,Both sexes,-23.0,-58.0
Paraguay,1991,2.3,Both sexes,-23.0,-58.0
Paraguay,1994,3.7,Both sexes,-23.0,-58.0
Paraguay,1995,3.4,Both sexes,-23.0,-58.0
Paraguay,1996,2.8,Both sexes,-23.0,-58.0
Paraguay,1997,3.0,Both sexes,-23.0,-58.0
Paraguay,1998,4.0,Both sexes,-23.0,-58.0
Paraguay,1999,3.7,Both sexes,-23.0,-58.0
Paraguay,2000,3.6,Both sexes,-23.0,-58.0
Paraguay,2001,4.7,Both sexes,-23.0,-58.0
Paraguay,2002,3.6,Both sexes,-23.0,-58.0
Paraguay,2003,4.3,Both sexes,-23.0,-58.0
Paraguay,2004,5.5,Both sexes,-23.0,-58.0
Paraguay,2005,5.2,Both sexes,-23.0,-58.0
Paraguay,2006,5.5,Both sexes,-23.0,-58.0
Paraguay,2007,5.2,Both sexes,-23.0,-58.0
Paraguay,2008,4.9,Both sexes,-23.0,-58.0
Paraguay,2009,5.6,Both sexes,-23.0,-58.0
Paraguay,2010,4.5,Both sexes,-23.0,-58.0
Paraguay,2011,5.7,Both sexes,-23.0,-58.0
Paraguay,2012,5.3,Both sexes,-23.0,-58.0
Paraguay,2013,6.3,Both sexes,-23.0,-58.0
Paraguay,2014,6.0,Both sexes,-23.0,-58.0
Philippines,1992,0.8,Both sexes,13.0,122.0
Philippines,1993,1.8,Both sexes,13.0,122.0
Philippines,1997,1.7,Both sexes,13.0,122.0
Philippines,1998,1.8,Both sexes,13.0,122.0
Philippines,1999,2.1,Both sexes,13.0,122.0
Philippines,2000,2.7,Both sexes,13.0,122.0
Philippines,2001,2.3,Both sexes,13.0,122.0
Philippines,2002,2.4,Both sexes,13.0,122.0
Philippines,2003,2.8,Both sexes,13.0,122.0
Philippines,2006,3.1,Both sexes,13.0,122.0
Philippines,2007,2.4,Both sexes,13.0,122.0
Philippines,2008,2.8,Both sexes,13.0,122.0
Philippines,2009,2.9,Both sexes,13.0,122.0
Philippines,2010,3.1,Both sexes,13.0,122.0
Philippines,2011,3.7,Both sexes,13.0,122.0
Poland,1990,14.4,Both sexes,52.0,20.0
Poland,1991,15.0,Both sexes,52.0,20.0
Poland,1992,16.2,Both sexes,52.0,20.0
Poland,1993,15.7,Both sexes,52.0,20.0
Poland,1994,15.5,Both sexes,52.0,20.0
Poland,1995,15.1,Both sexes,52.0,20.0
Poland,1996,14.9,Both sexes,52.0,20.0
Poland,1999,15.3,Both sexes,52.0,20.0
Poland,2000,15.9,Both sexes,52.0,20.0
Poland,2001,15.1,Both sexes,52.0,20.0
Poland,2002,15.3,Both sexes,52.0,20.0
Poland,2003,15.0,Both sexes,52.0,20.0
Poland,2004,15.6,Both sexes,52.0,20.0
Poland,2005,15.5,Both sexes,52.0,20.0
Poland,2006,15.2,Both sexes,52.0,20.0
Poland,2007,13.9,Both sexes,52.0,20.0
Poland,2008,14.8,Both sexes,52.0,20.0
Poland,2009,16.4,Both sexes,52.0,20.0
Poland,2010,15.9,Both sexes,52.0,20.0
Poland,2011,15.3,Both sexes,52.0,20.0
Poland,2012,16.0,Both sexes,52.0,20.0
Poland,2013,15.6,Both sexes,52.0,20.0
Poland,2014,14.9,Both sexes,52.0,20.0
Poland,2015,13.9,Both sexes,52.0,20.0
Portugal,1985,13.7,Both sexes,39.5,-8.0
Portugal,1986,13.8,Both sexes,39.5,-8.0
Portugal,1987,14.3,Both sexes,39.5,-8.0
Portugal,1988,11.5,Both sexes,39.5,-8.0
Portugal,1989,10.9,Both sexes,39.5,-8.0
Portugal,1990,12.5,Both sexes,39.5,-8.0
Portugal,1991,13.8,Both sexes,39.5,-8.0
Portugal,1992,12.4,Both sexes,39.5,-8.0
Portugal,1993,10.5,Both sexes,39.5,-8.0
Portugal,1994,10.3,Both sexes,39.5,-8.0
Portugal,1995,10.7,Both sexes,39.5,-8.0
Portugal,1996,9.6,Both sexes,39.5,-8.0
Portugal,1997,8.5,Both sexes,39.5,-8.0
Portugal,1998,7.3,Both sexes,39.5,-8.0
Portugal,1999,7.5,Both sexes,39.5,-8.0
Portugal,2000,7.2,Both sexes,39.5,-8.0
Portugal,2001,9.6,Both sexes,39.5,-8.0
Portugal,2002,14.3,Both sexes,39.5,-8.0
Portugal,2003,13.9,Both sexes,39.5,-8.0
Portugal,2007,12.0,Both sexes,39.5,-8.0
Portugal,2008,11.8,Both sexes,39.5,-8.0
Portugal,2009,11.6,Both sexes,39.5,-8.0
Portugal,2010,12.4,Both sexes,39.5,-8.0
Portugal,2011,10.7,Both sexes,39.5,-8.0
Portugal,2012,11.6,Both sexes,39.5,-8.0
Portugal,2013,11.1,Both sexes,39.5,-8.0
Portugal,2014,12.8,Both sexes,39.5,-8.0
Puerto Rico,1985,12.9,Both sexes,18.2,-66.5
Puerto Rico,1986,14.9,Both sexes,18.2,-66.5
Puerto Rico,1987,12.0,Both sexes,18.2,-66.5
Puerto Rico,1988,13.5,Both sexes,18.2,-66.5
Puerto Rico,1989,14.1,Both sexes,18.2,-66.5
Puerto Rico,1990,15.1,Both sexes,18.2,-66.5
Puerto Rico,1991,15.4,Both sexes,18.2,-66.5
Puerto Rico,1992,11.3,Both sexes,18.2,-66.5
Puerto Rico,1993,12.6,Both sexes,18.2,-66.5
Puerto Rico,1994,12.3,Both sexes,18.2,-66.5
Puerto Rico,1995,10.1,Both sexes,18.2,-66.5
Puerto Rico,1996,11.7,Both sexes,18.2,-66.5
Puerto Rico,1997,8.3,Both sexes,18.2,-66.5
Puerto Rico,1998,10.9,Both sexes,18.2,-66.5
Puerto Rico,1999,9.8,Both sexes,18.2,-66.5
Puerto Rico,2000,9.0,Both sexes,18.2,-66.5
Puerto Rico,2001,8.9,Both sexes,18.2,-66.5
Puerto Rico,2002,7.6,Both sexes,18.2,-66.5
Puerto Rico,2003,8.1,Both sexes,18.2,-66.5
Puerto Rico,2004,9.1,Both sexes,18.2,-66.5
Puerto Rico,2005,8.8,Both sexes,18.2,-66.5
Puerto Rico,2006,7.9,Both sexes,18.2,-66.5
Puerto Rico,2007,7.8,Both sexes,18.2,-66.5
Puerto Rico,2008,8.9,Both sexes,18.2,-66.5
Puerto Rico,2009,10.4,Both sexes,18.2,-66.5
Puerto Rico,2010,8.7,Both sexes,18.2,-66.5
Puerto Rico,2011,7.5,Both sexes,18.2,-66.5
Puerto Rico,2012,7.3,Both sexes,18.2,-66.5
Puerto Rico,2013,7.5,Both sexes,18.2,-66.5
Puerto Rico,2014,6.4,Both sexes,18.2,-66.5
Puerto Rico,2015,7.1,Both sexes,18.2,-66.5
Qatar,1995,0.0,Both sexes,25.5,51.25
Qatar,2001,2.3,Both sexes,25.5,51.25
Qatar,2004,1.3,Both sexes,25.5,51.25
Qatar,2005,1.6,Both sexes,25.5,51.25
Qatar,2006,7.3,Both sexes,25.5,51.25
Qatar,2007,2.4,Both sexes,25.5,51.25
Qatar,2008,1.1,Both sexes,25.5,51.25
Qatar,2009,1.7,Both sexes,25.5,51.25
Qatar,2010,1.1,Both sexes,25.5,51.25
Qatar,2011,1.6,Both sexes,25.5,51.25
Qatar,2012,1.1,Both sexes,25.5,51.25
Qatar,2013,0.7,Both sexes,25.5,51.25
Qatar,2014,1.6,Both sexes,25.5,51.25
Qatar,2015,1.6,Both sexes,25.5,51.25
Qatar,2016,1.6,Both sexes,25.5,51.25
Republic of Korea,1985,12.2,Both sexes,37.0,127.5
Republic of Korea,1986,11.9,Both sexes,37.0,127.5
Republic of Korea,1987,10.7,Both sexes,37.0,127.5
Republic of Korea,1988,9.5,Both sexes,37.0,127.5
Republic of Korea,1989,10.1,Both sexes,37.0,127.5
Republic of Korea,1990,10.0,Both sexes,37.0,127.5
Republic of Korea,1991,9.7,Both sexes,37.0,127.5
Republic of Korea,1992,10.6,Both sexes,37.0,127.5
Republic of Korea,1993,13.3,Both sexes,37.0,127.5
Republic of Korea,1994,13.8,Both sexes,37.0,127.5
Republic of Korea,1995,14.9,Both sexes,37.0,127.5
Republic of Korea,1996,18.1,Both sexes,37.0,127.5
Republic of Korea,1997,18.9,Both sexes,37.0,127.5
Republic of Korea,1998,25.2,Both sexes,37.0,127.5
Republic of Korea,1999,21.5,Both sexes,37.0,127.5
Republic of Korea,2000,20.7,Both sexes,37.0,127.5
Republic of Korea,2001,22.8,Both sexes,37.0,127.5
Republic of Korea,2002,30.1,Both sexes,37.0,127.5
Republic of Korea,2003,37.8,Both sexes,37.0,127.5
Republic of Korea,2004,39.1,Both sexes,37.0,127.5
Republic of Korea,2005,39.9,Both sexes,37.0,127.5
Republic of Korea,2006,35.0,Both sexes,37.0,127.5
Republic of Korea,2007,38.9,Both sexes,37.0,127.5
Republic of Korea,2008,37.7,Both sexes,37.0,127.5
Republic of Korea,2009,43.3,Both sexes,37.0,127.5
Republic of Korea,2010,43.2,Both sexes,37.0,127.5
Republic of Korea,2011,42.9,Both sexes,37.0,127.5
Republic of Korea,2012,36.9,Both sexes,37.0,127.5
Republic of Korea,2013,35.7,Both sexes,37.0,127.5
Republic of Korea,2014,32.1,Both sexes,37.0,127.5
Republic of Korea,2015,32.4,Both sexes,37.0,127.5
Romania,1989,13.1,Both sexes,46.0,25.0
Romania,1990,10.5,Both sexes,46.0,25.0
Romania,1991,11.1,Both sexes,46.0,25.0
Romania,1992,13.7,Both sexes,46.0,25.0
Romania,1993,13.5,Both sexes,46.0,25.0
Romania,1994,14.4,Both sexes,46.0,25.0
Romania,1995,13.0,Both sexes,46.0,25.0
Romania,1996,13.3,Both sexes,46.0,25.0
Romania,1997,13.5,Both sexes,46.0,25.0
Romania,1998,13.4,Both sexes,46.0,25.0
Romania,1999,13.2,Both sexes,46.0,25.0
Romania,2000,13.3,Both sexes,46.0,25.0
Romania,2001,12.4,Both sexes,46.0,25.0
Romania,2002,14.5,Both sexes,46.0,25.0
Romania,2003,13.3,Both sexes,46.0,25.0
Romania,2004,12.6,Both sexes,46.0,25.0
Romania,2005,12.2,Both sexes,46.0,25.0
Romania,2006,12.4,Both sexes,46.0,25.0
Romania,2007,11.3,Both sexes,46.0,25.0
Romania,2008,11.7,Both sexes,46.0,25.0
Romania,2009,12.0,Both sexes,46.0,25.0
Romania,2010,12.5,Both sexes,46.0,25.0
Romania,2011,11.6,Both sexes,46.0,25.0
Romania,2012,11.8,Both sexes,46.0,25.0
Romania,2013,11.5,Both sexes,46.0,25.0
Romania,2014,10.9,Both sexes,46.0,25.0
Romania,2015,11.1,Both sexes,46.0,25.0
Romania,2016,11.6,Both sexes,46.0,25.0
Russian Federation,1989,33.2,Both sexes,60.0,100.0
Russian Federation,1990,33.3,Both sexes,60.0,100.0
Russian Federation,1991,33.0,Both sexes,60.0,100.0
Russian Federation,1992,36.5,Both sexes,60.0,100.0
Russian Federation,1993,43.5,Both sexes,60.0,100.0
Russian Federation,1994,47.3,Both sexes,60.0,100.0
Russian Federation,1995,45.6,Both sexes,60.0,100.0
Russian Federation,1996,43.9,Both sexes,60.0,100.0
Russian Federation,1997,42.3,Both sexes,60.0,100.0
Russian Federation,1998,39.6,Both sexes,60.0,100.0
Russian Federation,1999,42.5,Both sexes,60.0,100.0
Russian Federation,2000,42.0,Both sexes,60.0,100.0
Russian Federation,2001,42.1,Both sexes,60.0,100.0
Russian Federation,2002,40.7,Both sexes,60.0,100.0
Russian Federation,2003,39.1,Both sexes,60.0,100.0
Russian Federation,2004,37.3,Both sexes,60.0,100.0
Russian Federation,2005,35.0,Both sexes,60.0,100.0
Russian Federation,2006,33.4,Both sexes,60.0,100.0
Russian Federation,2007,32.2,Both sexes,60.0,100.0
Russian Federation,2008,30.6,Both sexes,60.0,100.0
Russian Federation,2009,29.4,Both sexes,60.0,100.0
Russian Federation,2010,26.6,Both sexes,60.0,100.0
Russian Federation,2011,25.0,Both sexes,60.0,100.0
Russian Federation,2012,23.8,Both sexes,60.0,100.0
Russian Federation,2013,22.8,Both sexes,60.0,100.0
Russian Federation,2014,21.6,Both sexes,60.0,100.0
Russian Federation,2015,19.7,Both sexes,60.0,100.0
Saint Kitts and Nevis,1990,0.0,Both sexes,17.33,-62.75
Saint Kitts and Nevis,1991,0.0,Both sexes,17.33,-62.75
Saint Kitts and Nevis,1992,0.0,Both sexes,17.33,-62.75
Saint Lucia,1986,5.0,Both sexes,13.88,-61.12
Saint Lucia,1987,11.8,Both sexes,13.88,-61.12
Saint Lucia,1988,15.2,Both sexes,13.88,-61.12
Saint Lucia,1989,7.4,Both sexes,13.88,-61.12
Saint Lucia,1990,2.2,Both sexes,13.88,-61.12
Saint Lucia,1991,8.7,Both sexes,13.88,-61.12
Saint Lucia,1992,8.2,Both sexes,13.88,-61.12
Saint Lucia,1993,6.3,Both sexes,13.88,-61.12
Saint Lucia,1994,3.8,Both sexes,13.88,-61.12
Saint Lucia,1995,6.8,Both sexes,13.88,-61.12
Saint Lucia,1996,5.1,Both sexes,13.88,-61.12
Saint Lucia,1997,9.8,Both sexes,13.88,-61.12
Saint Lucia,1998,9.9,Both sexes,13.88,-61.12
Saint Lucia,1999,6.2,Both sexes,13.88,-61.12
Saint Lucia,2000,16.5,Both sexes,13.88,-61.12
Saint Lucia,2001,4.9,Both sexes,13.88,-61.12
Saint Lucia,2002,15.6,Both sexes,13.88,-61.12
Saint Lucia,2003,11.1,Both sexes,13.88,-61.12
Saint Lucia,2004,5.5,Both sexes,13.88,-61.12
Saint Lucia,2005,2.1,Both sexes,13.88,-61.12
Saint Lucia,2006,1.5,Both sexes,13.88,-61.12
Saint Lucia,2008,0.0,Both sexes,13.88,-61.12
Saint Lucia,2009,6.9,Both sexes,13.88,-61.12
Saint Lucia,2010,2.5,Both sexes,13.88,-61.12
Saint Lucia,2011,4.4,Both sexes,13.88,-61.12
Saint Lucia,2012,7.1,Both sexes,13.88,-61.12
Saint Lucia,2013,9.5,Both sexes,13.88,-61.12
Saint Lucia,2014,7.6,Both sexes,13.88,-61.12
Saint Vincent and Grenadines,1985,2.7,Both sexes,13.25,-61.2
Saint Vincent and Grenadines,1986,0.0,Both sexes,13.25,-61.2
Saint Vincent and Grenadines,1987,0.0,Both sexes,13.25,-61.2
Saint Vincent and Grenadines,1990,6.0,Both sexes,13.25,-61.2
Saint Vincent and Grenadines,1995,7.1,Both sexes,13.25,-61.2
Saint Vincent and Grenadines,1996,7.1,Both sexes,13.25,-61.2
Saint Vincent and Grenadines,1997,2.5,Both sexes,13.25,-61.2
Saint Vincent and Grenadines,1998,16.2,Both sexes,13.25,-61.2
Saint Vincent and Grenadines,1999,5.5,Both sexes,13.25,-61.2
Saint Vincent and Grenadines,2000,3.7,Both sexes,13.25,-61.2
Saint Vincent and Grenadines,2001,13.4,Both sexes,13.25,-61.2
Saint Vincent and Grenadines,2002,16.9,Both sexes,13.25,-61.2
Saint Vincent and Grenadines,2003,4.2,Both sexes,13.25,-61.2
Saint Vincent and Grenadines,2004,3.9,Both sexes,13.25,-61.2
Saint Vincent and Grenadines,2005,6.0,Both sexes,13.25,-61.2
Saint Vincent and Grenadines,2006,10.2,Both sexes,13.25,-61.2
Saint Vincent and Grenadines,2007,8.5,Both sexes,13.25,-61.2
Saint Vincent and Grenadines,2008,3.4,Both sexes,13.25,-61.2
Saint Vincent and Grenadines,2009,0.9,Both sexes,13.25,-61.2
Saint Vincent and Grenadines,2010,4.6,Both sexes,13.25,-61.2
Saint Vincent and Grenadines,2011,3.9,Both sexes,13.25,-61.2
Saint Vincent and Grenadines,2012,8.1,Both sexes,13.25,-61.2
Saint Vincent and Grenadines,2013,0.0,Both sexes,13.25,-61.2
Saint Vincent and Grenadines,2014,6.7,Both sexes,13.25,-61.2
Saint Vincent and Grenadines,2015,2.3,Both sexes,13.25,-61.2
San Marino,1999,5.4,Both sexes,43.77,12.42
San Marino,2000,3.9,Both sexes,43.77,12.42
San Marino,2005,2.8,Both sexes,43.77,12.42
Serbia,1998,25.6,Both sexes,44.0,21.0
Serbia,1999,28.7,Both sexes,44.0,21.0
Serbia,2000,27.0,Both sexes,44.0,21.0
Serbia,2001,24.8,Both sexes,44.0,21.0
Serbia,2002,24.7,Both sexes,44.0,21.0
Serbia,2003,22.6,Both sexes,44.0,21.0
Serbia,2004,21.9,Both sexes,44.0,21.0
Serbia,2005,23.9,Both sexes,44.0,21.0
Serbia,2006,23.8,Both sexes,44.0,21.0
Serbia,2007,21.5,Both sexes,44.0,21.0
Serbia,2008,20.2,Both sexes,44.0,21.0
Serbia,2009,21.5,Both sexes,44.0,21.0
Serbia,2010,19.5,Both sexes,44.0,21.0
Serbia,2011,20.3,Both sexes,44.0,21.0
Serbia,2012,19.5,Both sexes,44.0,21.0
Serbia,2013,18.1,Both sexes,44.0,21.0
Serbia,2014,18.1,Both sexes,44.0,21.0
Serbia,2015,17.2,Both sexes,44.0,21.0
Seychelles,1985,13.0,Both sexes,-4.67,55.47
Seychelles,1986,1.9,Both sexes,-4.67,55.47
Seychelles,1987,5.1,Both sexes,-4.67,55.47
Seychelles,2001,7.3,Both sexes,-4.67,55.47
Seychelles,2002,12.8,Both sexes,-4.67,55.47
Seychelles,2003,8.3,Both sexes,-4.67,55.47
Seychelles,2004,5.3,Both sexes,-4.67,55.47
Seychelles,2005,6.0,Both sexes,-4.67,55.47
Seychelles,2006,23.0,Both sexes,-4.67,55.47
Seychelles,2007,12.3,Both sexes,-4.67,55.47
Seychelles,2008,3.3,Both sexes,-4.67,55.47
Seychelles,2009,3.7,Both sexes,-4.67,55.47
Seychelles,2010,4.3,Both sexes,-4.67,55.47
Seychelles,2011,4.3,Both sexes,-4.67,55.47
Seychelles,2012,2.8,Both sexes,-4.67,55.47
Seychelles,2013,11.0,Both sexes,-4.67,55.47
Seychelles,2014,3.6,Both sexes,-4.67,55.47
Seychelles,2015,6.8,Both sexes,-4.67,55.47
Singapore,1985,29.4,Both sexes,1.37,103.8
Singapore,1986,27.1,Both sexes,1.37,103.8
Singapore,1987,22.8,Both sexes,1.37,103.8
Singapore,1988,30.0,Both sexes,1.37,103.8
Singapore,1989,29.5,Both sexes,1.37,103.8
Singapore,1990,22.7,Both sexes,1.37,103.8
Singapore,1991,19.1,Both sexes,1.37,103.8
Singapore,1992,17.1,Both sexes,1.37,103.8
Singapore,1993,19.6,Both sexes,1.37,103.8
Singapore,1994,20.6,Both sexes,1.37,103.8
Singapore,1995,23.6,Both sexes,1.37,103.8
Singapore,1996,17.4,Both sexes,1.37,103.8
Singapore,1997,17.2,Both sexes,1.37,103.8
Singapore,1998,17.9,Both sexes,1.37,103.8
Singapore,1999,13.9,Both sexes,1.37,103.8
Singapore,2000,13.7,Both sexes,1.37,103.8
Singapore,2001,14.0,Both sexes,1.37,103.8
Singapore,2002,14.4,Both sexes,1.37,103.8
Singapore,2003,14.4,Both sexes,1.37,103.8
Singapore,2004,14.0,Both sexes,1.37,103.8
Singapore,2005,15.0,Both sexes,1.37,103.8
Singapore,2006,12.4,Both sexes,1.37,103.8
Singapore,2007,13.8,Both sexes,1.37,103.8
Singapore,2008,12.5,Both sexes,1.37,103.8
Singapore,2009,12.5,Both sexes,1.37,103.8
Singapore,2010,10.8,Both sexes,1.37,103.8
Singapore,2011,9.7,Both sexes,1.37,103.8
Singapore,2012,11.8,Both sexes,1.37,103.8
Singapore,2013,11.5,Both sexes,1.37,103.8
Singapore,2014,11.0,Both sexes,1.37,103.8
Singapore,2015,9.1,Both sexes,1.37,103.8
Slovakia,1992,17.9,Both sexes,48.67,19.5
Slovakia,1993,16.3,Both sexes,48.67,19.5
Slovakia,1994,15.4,Both sexes,48.67,19.5
Slovakia,1995,16.6,Both sexes,48.67,19.5
Slovakia,1996,14.5,Both sexes,48.67,19.5
Slovakia,1997,13.7,Both sexes,48.67,19.5
Slovakia,1998,13.5,Both sexes,48.67,19.5
Slovakia,1999,14.3,Both sexes,48.67,19.5
Slovakia,2000,15.0,Both sexes,48.67,19.5
Slovakia,2001,14.3,Both sexes,48.67,19.5
Slovakia,2002,16.0,Both sexes,48.67,19.5
Slovakia,2003,14.1,Both sexes,48.67,19.5
Slovakia,2004,12.6,Both sexes,48.67,19.5
Slovakia,2005,13.8,Both sexes,48.67,19.5
Slovakia,2006,0.0,Both sexes,48.67,19.5
Slovakia,2007,0.0,Both sexes,48.67,19.5
Slovakia,2008,11.2,Both sexes,48.67,19.5
Slovakia,2009,11.6,Both sexes,48.67,19.5
Slovakia,2010,12.0,Both sexes,48.67,19.5
Slovakia,2012,10.8,Both sexes,48.67,19.5
Slovakia,2013,12.0,Both sexes,48.67,19.5
Slovakia,2014,11.1,Both sexes,48.67,19.5
Slovenia,1995,32.8,Both sexes,46.17,14.82
Slovenia,1996,35.1,Both sexes,46.17,14.82
Slovenia,1997,34.2,Both sexes,46.17,14.82
Slovenia,1998,34.5,Both sexes,46.17,14.82
Slovenia,1999,32.8,Both sexes,46.17,14.82
Slovenia,2000,33.7,Both sexes,46.17,14.82
Slovenia,2001,35.3,Both sexes,46.17,14.82
Slovenia,2002,29.5,Both sexes,46.17,14.82
Slovenia,2003,31.4,Both sexes,46.17,14.82
Slovenia,2004,24.9,Both sexes,46.17,14.82
Slovenia,2005,28.1,Both sexes,46.17,14.82
Slovenia,2006,29.0,Both sexes,46.17,14.82
Slovenia,2007,24.3,Both sexes,46.17,14.82
Slovenia,2008,21.9,Both sexes,46.17,14.82
Slovenia,2009,22.4,Both sexes,46.17,14.82
Slovenia,2010,22.1,Both sexes,46.17,14.82
Slovenia,2011,23.5,Both sexes,46.17,14.82
Slovenia,2012,23.3,Both sexes,46.17,14.82
Slovenia,2013,23.6,Both sexes,46.17,14.82
Slovenia,2014,20.0,Both sexes,46.17,14.82
Slovenia,2015,22.1,Both sexes,46.17,14.82
South Africa,1996,0.7,Both sexes,-29.0,24.0
South Africa,1997,0.4,Both sexes,-29.0,24.0
South Africa,1998,0.6,Both sexes,-29.0,24.0
South Africa,1999,0.9,Both sexes,-29.0,24.0
South Africa,2000,0.8,Both sexes,-29.0,24.0
South Africa,2001,1.0,Both sexes,-29.0,24.0
South Africa,2002,0.6,Both sexes,-29.0,24.0
South Africa,2003,0.8,Both sexes,-29.0,24.0
South Africa,2004,1.1,Both sexes,-29.0,24.0
South Africa,2005,1.3,Both sexes,-29.0,24.0
South Africa,2006,1.5,Both sexes,-29.0,24.0
South Africa,2007,1.0,Both sexes,-29.0,24.0
South Africa,2008,1.2,Both sexes,-29.0,24.0
South Africa,2009,0.9,Both sexes,-29.0,24.0
South Africa,2010,1.1,Both sexes,-29.0,24.0
South Africa,2011,0.8,Both sexes,-29.0,24.0
South Africa,2012,1.1,Both sexes,-29.0,24.0
South Africa,2013,1.2,Both sexes,-29.0,24.0
South Africa,2014,1.3,Both sexes,-29.0,24.0
South Africa,2015,1.1,Both sexes,-29.0,24.0
Spain,1985,9.6,Both sexes,40.0,-4.0
Spain,1986,10.0,Both sexes,40.0,-4.0
Spain,1987,10.2,Both sexes,40.0,-4.0
Spain,1988,10.6,Both sexes,40.0,-4.0
Spain,1989,10.5,Both sexes,40.0,-4.0
Spain,1990,10.8,Both sexes,40.0,-4.0
Spain,1991,10.2,Both sexes,40.0,-4.0
Spain,1992,9.9,Both sexes,40.0,-4.0
Spain,1993,10.1,Both sexes,40.0,-4.0
Spain,1994,10.4,Both sexes,40.0,-4.0
Spain,1995,10.3,Both sexes,40.0,-4.0
Spain,1996,10.5,Both sexes,40.0,-4.0
Spain,1997,10.9,Both sexes,40.0,-4.0
Spain,1998,10.3,Both sexes,40.0,-4.0
Spain,1999,9.9,Both sexes,40.0,-4.0
Spain,2000,10.2,Both sexes,40.0,-4.0
Spain,2001,9.4,Both sexes,40.0,-4.0
Spain,2002,9.6,Both sexes,40.0,-4.0
Spain,2003,9.7,Both sexes,40.0,-4.0
Spain,2004,9.4,Both sexes,40.0,-4.0
Spain,2005,9.0,Both sexes,40.0,-4.0
Spain,2006,8.3,Both sexes,40.0,-4.0
Spain,2007,8.2,Both sexes,40.0,-4.0
Spain,2008,8.2,Both sexes,40.0,-4.0
Spain,2009,8.2,Both sexes,40.0,-4.0
Spain,2010,7.3,Both sexes,40.0,-4.0
Spain,2011,7.4,Both sexes,40.0,-4.0
Spain,2012,8.1,Both sexes,40.0,-4.0
Spain,2013,8.4,Both sexes,40.0,-4.0
Spain,2014,8.7,Both sexes,40.0,-4.0
Spain,2015,8.1,Both sexes,40.0,-4.0
Sri Lanka,1985,46.6,Both sexes,7.0,81.0
Sri Lanka,1986,44.2,Both sexes,7.0,81.0
Sri Lanka,1996,33.0,Both sexes,7.0,81.0
Sri Lanka,1997,39.3,Both sexes,7.0,81.0
Sri Lanka,1998,37.6,Both sexes,7.0,81.0
Sri Lanka,1999,37.1,Both sexes,7.0,81.0
Sri Lanka,2000,35.6,Both sexes,7.0,81.0
Sri Lanka,2001,29.8,Both sexes,7.0,81.0
Sri Lanka,2002,28.3,Both sexes,7.0,81.0
Sri Lanka,2003,29.4,Both sexes,7.0,81.0
Sri Lanka,2006,27.4,Both sexes,7.0,81.0
Suriname,1985,39.2,Both sexes,4.0,-56.0
Suriname,1986,17.7,Both sexes,4.0,-56.0
Suriname,1987,21.0,Both sexes,4.0,-56.0
Suriname,1988,17.5,Both sexes,4.0,-56.0
Suriname,1989,17.7,Both sexes,4.0,-56.0
Suriname,1990,17.8,Both sexes,4.0,-56.0
Suriname,1991,18.0,Both sexes,4.0,-56.0
Suriname,1992,11.5,Both sexes,4.0,-56.0
Suriname,1995,15.2,Both sexes,4.0,-56.0
Suriname,1996,7.0,Both sexes,4.0,-56.0
Suriname,1997,9.6,Both sexes,4.0,-56.0
Suriname,1998,8.5,Both sexes,4.0,-56.0
Suriname,1999,18.1,Both sexes,4.0,-56.0
Suriname,2000,10.7,Both sexes,4.0,-56.0
Suriname,2001,18.2,Both sexes,4.0,-56.0
Suriname,2002,17.9,Both sexes,4.0,-56.0
Suriname,2003,20.5,Both sexes,4.0,-56.0
Suriname,2004,16.8,Both sexes,4.0,-56.0
Suriname,2005,17.6,Both sexes,4.0,-56.0
Suriname,2006,24.9,Both sexes,4.0,-56.0
Suriname,2007,29.7,Both sexes,4.0,-56.0
Suriname,2008,34.7,Both sexes,4.0,-56.0
Suriname,2009,30.8,Both sexes,4.0,-56.0
Suriname,2010,35.4,Both sexes,4.0,-56.0
Suriname,2011,29.4,Both sexes,4.0,-56.0
Suriname,2012,37.8,Both sexes,4.0,-56.0
Suriname,2013,23.9,Both sexes,4.0,-56.0
Suriname,2014,29.8,Both sexes,4.0,-56.0
Sweden,1987,19.2,Both sexes,62.0,15.0
Sweden,1988,19.3,Both sexes,62.0,15.0
Sweden,1989,19.9,Both sexes,62.0,15.0
Sweden,1990,18.5,Both sexes,62.0,15.0
Sweden,1991,18.1,Both sexes,62.0,15.0
Sweden,1992,16.7,Both sexes,62.0,15.0
Sweden,1993,16.7,Both sexes,62.0,15.0
Sweden,1994,16.3,Both sexes,62.0,15.0
Sweden,1995,16.0,Both sexes,62.0,15.0
Sweden,1996,14.9,Both sexes,62.0,15.0
Sweden,1997,13.9,Both sexes,62.0,15.0
Sweden,1998,14.6,Both sexes,62.0,15.0
Sweden,1999,14.4,Both sexes,62.0,15.0
Sweden,2000,13.5,Both sexes,62.0,15.0
Sweden,2001,14.0,Both sexes,62.0,15.0
Sweden,2002,13.6,Both sexes,62.0,15.0
Sweden,2003,12.8,Both sexes,62.0,15.0
Sweden,2004,13.1,Both sexes,62.0,15.0
Sweden,2005,13.7,Both sexes,62.0,15.0
Sweden,2006,13.4,Both sexes,62.0,15.0
Sweden,2007,12.3,Both sexes,62.0,15.0
Sweden,2008,13.0,Both sexes,62.0,15.0
Sweden,2009,13.4,Both sexes,62.0,15.0
Sweden,2010,12.2,Both sexes,62.0,15.0
Sweden,2011,11.8,Both sexes,62.0,15.0
Sweden,2012,12.3,Both sexes,62.0,15.0
Sweden,2013,13.2,Both sexes,62.0,15.0
Sweden,2014,12.4,Both sexes,62.0,15.0
Sweden,2015,12.4,Both sexes,62.0,15.0
Sweden,2016,13.9,Both sexes,62.0,15.0
Switzerland,1995,23.6,Both sexes,47.0,8.0
Switzerland,1996,23.3,Both sexes,47.0,8.0
Switzerland,1997,22.2,Both sexes,47.0,8.0
Switzerland,1998,22.8,Both sexes,47.0,8.0
Switzerland,1999,21.0,Both sexes,47.0,8.0
Switzerland,2000,22.2,Both sexes,47.0,8.0
Switzerland,2001,21.8,Both sexes,47.0,8.0
Switzerland,2002,22.8,Both sexes,47.0,8.0
Switzerland,2003,20.2,Both sexes,47.0,8.0
Switzerland,2004,20.2,Both sexes,47.0,8.0
Switzerland,2005,20.5,Both sexes,47.0,8.0
Switzerland,2006,20.1,Both sexes,47.0,8.0
Switzerland,2007,21.3,Both sexes,47.0,8.0
Switzerland,2008,19.8,Both sexes,47.0,8.0
Switzerland,2009,15.0,Both sexes,47.0,8.0
Switzerland,2010,13.4,Both sexes,47.0,8.0
Switzerland,2011,14.0,Both sexes,47.0,8.0
Switzerland,2012,13.8,Both sexes,47.0,8.0
Switzerland,2013,14.2,Both sexes,47.0,8.0
Switzerland,2014,13.5,Both sexes,47.0,8.0
Switzerland,2015,13.7,Both sexes,47.0,8.0
Thailand,1985,6.9,Both sexes,15.0,100.0
Thailand,1986,6.0,Both sexes,15.0,100.0
Thailand,1987,6.8,Both sexes,15.0,100.0
Thailand,1990,8.0,Both sexes,15.0,100.0
Thailand,1991,7.2,Both sexes,15.0,100.0
Thailand,1992,6.9,Both sexes,15.0,100.0
Thailand,1994,4.7,Both sexes,15.0,100.0
Thailand,1995,7.8,Both sexes,15.0,100.0
Thailand,1996,7.8,Both sexes,15.0,100.0
Thailand,1997,7.2,Both sexes,15.0,100.0
Thailand,1998,8.3,Both sexes,15.0,100.0
Thailand,1999,9.1,Both sexes,15.0,100.0
Thailand,2000,8.8,Both sexes,15.0,100.0
Thailand,2002,8.6,Both sexes,15.0,100.0
Thailand,2003,7.6,Both sexes,15.0,100.0
Thailand,2004,7.2,Both sexes,15.0,100.0
Thailand,2005,6.5,Both sexes,15.0,100.0
Thailand,2006,5.8,Both sexes,15.0,100.0
Thailand,2007,6.6,Both sexes,15.0,100.0
Thailand,2008,6.5,Both sexes,15.0,100.0
Thailand,2009,6.5,Both sexes,15.0,100.0
Thailand,2010,6.7,Both sexes,15.0,100.0
Thailand,2011,6.5,Both sexes,15.0,100.0
Thailand,2012,6.7,Both sexes,15.0,100.0
Thailand,2013,6.6,Both sexes,15.0,100.0
Thailand,2014,6.4,Both sexes,15.0,100.0
Thailand,2015,6.8,Both sexes,15.0,100.0
Thailand,2016,7.7,Both sexes,15.0,100.0
Trinidad and Tobago,1985,2.5,Both sexes,11.0,-61.0
Trinidad and Tobago,1986,10.3,Both sexes,11.0,-61.0
Trinidad and Tobago,1987,13.0,Both sexes,11.0,-61.0
Trinidad and Tobago,1988,19.1,Both sexes,11.0,-61.0
Trinidad and Tobago,1989,16.5,Both sexes,11.0,-61.0
Trinidad and Tobago,1990,15.5,Both sexes,11.0,-61.0
Trinidad and Tobago,1991,12.8,Both sexes,11.0,-61.0
Trinidad and Tobago,1992,16.2,Both sexes,11.0,-61.0
Trinidad and Tobago,1993,13.5,Both sexes,11.0,-61.0
Trinidad and Tobago,1994,13.3,Both sexes,11.0,-61.0
Trinidad and Tobago,1995,20.2,Both sexes,11.0,-61.0
Trinidad and Tobago,1996,16.4,Both sexes,11.0,-61.0
Trinidad and Tobago,1997,15.8,Both sexes,11.0,-61.0
Trinidad and Tobago,1998,16.3,Both sexes,11.0,-61.0
Trinidad and Tobago,1999,12.1,Both sexes,11.0,-61.0
Trinidad and Tobago,2000,16.5,Both sexes,11.0,-61.0
Trinidad and Tobago,2001,17.1,Both sexes,11.0,-61.0
Trinidad and Tobago,2002,13.3,Both sexes,11.0,-61.0
Trinidad and Tobago,2003,13.2,Both sexes,11.0,-61.0
Trinidad and Tobago,2004,15.7,Both sexes,11.0,-61.0
Trinidad and Tobago,2005,12.0,Both sexes,11.0,-61.0
Trinidad and Tobago,2006,11.2,Both sexes,11.0,-61.0
Trinidad and Tobago,2007,12.0,Both sexes,11.0,-61.0
Trinidad and Tobago,2008,14.9,Both sexes,11.0,-61.0
Trinidad and Tobago,2009,10.0,Both sexes,11.0,-61.0
Trinidad and Tobago,2010,12.5,Both sexes,11.0,-61.0
Trinidad and Tobago,2011,11.6,Both sexes,11.0,-61.0
Turkey,2009,1.8,Both sexes,39.0,35.0
Turkey,2010,2.6,Both sexes,39.0,35.0
Turkey,2011,1.9,Both sexes,39.0,35.0
Turkey,2012,2.4,Both sexes,39.0,35.0
Turkey,2013,3.0,Both sexes,39.0,35.0
Turkey,2014,2.6,Both sexes,39.0,35.0
Turkey,2015,2.4,Both sexes,39.0,35.0
Turkmenistan,1987,14.5,Both sexes,40.0,60.0
Turkmenistan,1988,13.5,Both sexes,40.0,60.0
Turkmenistan,1989,11.3,Both sexes,40.0,60.0
Turkmenistan,1990,14.3,Both sexes,40.0,60.0
Turkmenistan,1991,10.6,Both sexes,40.0,60.0
Turkmenistan,1992,9.3,Both sexes,40.0,60.0
Turkmenistan,1993,9.6,Both sexes,40.0,60.0
Turkmenistan,1994,9.7,Both sexes,40.0,60.0
Turkmenistan,1995,7.5,Both sexes,40.0,60.0
Turkmenistan,1996,8.6,Both sexes,40.0,60.0
Turkmenistan,1997,8.4,Both sexes,40.0,60.0
Turkmenistan,1998,11.4,Both sexes,40.0,60.0
Turkmenistan,1999,12.1,Both sexes,40.0,60.0
Turkmenistan,2000,9.3,Both sexes,40.0,60.0
Turkmenistan,2001,11.1,Both sexes,40.0,60.0
Turkmenistan,2002,9.6,Both sexes,40.0,60.0
Turkmenistan,2003,8.9,Both sexes,40.0,60.0
Turkmenistan,2004,9.4,Both sexes,40.0,60.0
Turkmenistan,2005,11.2,Both sexes,40.0,60.0
Turkmenistan,2006,12.0,Both sexes,40.0,60.0
Turkmenistan,2007,8.1,Both sexes,40.0,60.0
Turkmenistan,2008,9.8,Both sexes,40.0,60.0
Turkmenistan,2009,3.5,Both sexes,40.0,60.0
Turkmenistan,2010,3.8,Both sexes,40.0,60.0
Turkmenistan,2011,2.6,Both sexes,40.0,60.0
Turkmenistan,2012,2.6,Both sexes,40.0,60.0
Turkmenistan,2013,1.9,Both sexes,40.0,60.0
Turkmenistan,2014,2.3,Both sexes,40.0,60.0
Turkmenistan,2015,2.4,Both sexes,40.0,60.0
Ukraine,1987,24.5,Both sexes,49.0,32.0
Ukraine,1988,23.9,Both sexes,49.0,32.0
Ukraine,1989,26.4,Both sexes,49.0,32.0
Ukraine,1990,24.7,Both sexes,49.0,32.0
Ukraine,1991,24.8,Both sexes,49.0,32.0
Ukraine,1992,26.9,Both sexes,49.0,32.0
Ukraine,1993,29.3,Both sexes,49.0,32.0
Ukraine,1994,32.0,Both sexes,49.0,32.0
Ukraine,1995,33.1,Both sexes,49.0,32.0
Ukraine,1996,33.6,Both sexes,49.0,32.0
Ukraine,1997,33.0,Both sexes,49.0,32.0
Ukraine,1998,32.5,Both sexes,49.0,32.0
Ukraine,1999,31.3,Both sexes,49.0,32.0
Ukraine,2000,31.4,Both sexes,49.0,32.0
Ukraine,2001,29.0,Both sexes,49.0,32.0
Ukraine,2002,28.7,Both sexes,49.0,32.0
Ukraine,2003,28.1,Both sexes,49.0,32.0
Ukraine,2004,25.6,Both sexes,49.0,32.0
Ukraine,2005,24.8,Both sexes,49.0,32.0
Ukraine,2006,23.6,Both sexes,49.0,32.0
Ukraine,2007,23.4,Both sexes,49.0,32.0
Ukraine,2008,22.9,Both sexes,49.0,32.0
Ukraine,2009,23.3,Both sexes,49.0,32.0
Ukraine,2010,21.9,Both sexes,49.0,32.0
Ukraine,2011,22.0,Both sexes,49.0,32.0
Ukraine,2012,22.4,Both sexes,49.0,32.0
Ukraine,2014,20.9,Both sexes,49.0,32.0
Ukraine,2015,20.4,Both sexes,49.0,32.0
United Arab Emirates,2005,1.3,Both sexes,24.0,54.0
United Arab Emirates,2006,1.4,Both sexes,24.0,54.0
United Arab Emirates,2007,1.3,Both sexes,24.0,54.0
United Arab Emirates,2008,1.0,Both sexes,24.0,54.0
United Arab Emirates,2009,1.0,Both sexes,24.0,54.0
United Arab Emirates,2010,1.9,Both sexes,24.0,54.0
United Kingdom,1985,9.7,Both sexes,54.0,-2.0
United Kingdom,1986,9.3,Both sexes,54.0,-2.0
United Kingdom,1987,8.7,Both sexes,54.0,-2.0
United Kingdom,1988,9.5,Both sexes,54.0,-2.0
United Kingdom,1989,8.3,Both sexes,54.0,-2.0
United Kingdom,1990,8.6,Both sexes,54.0,-2.0
United Kingdom,1991,8.2,Both sexes,54.0,-2.0
United Kingdom,1992,8.2,Both sexes,54.0,-2.0
United Kingdom,1993,8.1,Both sexes,54.0,-2.0
United Kingdom,1994,7.9,Both sexes,54.0,-2.0
United Kingdom,1995,7.7,Both sexes,54.0,-2.0
United Kingdom,1996,7.4,Both sexes,54.0,-2.0
United Kingdom,1997,7.4,Both sexes,54.0,-2.0
United Kingdom,1998,7.6,Both sexes,54.0,-2.0
United Kingdom,1999,7.7,Both sexes,54.0,-2.0
United Kingdom,2000,7.3,Both sexes,54.0,-2.0
United Kingdom,2001,7.1,Both sexes,54.0,-2.0
United Kingdom,2002,6.9,Both sexes,54.0,-2.0
United Kingdom,2003,6.7,Both sexes,54.0,-2.0
United Kingdom,2004,6.9,Both sexes,54.0,-2.0
United Kingdom,2005,6.6,Both sexes,54.0,-2.0
United Kingdom,2006,6.5,Both sexes,54.0,-2.0
United Kingdom,2007,6.2,Both sexes,54.0,-2.0
United Kingdom,2008,6.7,Both sexes,54.0,-2.0
United Kingdom,2009,6.5,Both sexes,54.0,-2.0
United Kingdom,2010,6.5,Both sexes,54.0,-2.0
United Kingdom,2011,6.5,Both sexes,54.0,-2.0
United Kingdom,2012,6.6,Both sexes,54.0,-2.0
United Kingdom,2013,7.1,Both sexes,54.0,-2.0
United Kingdom,2014,7.0,Both sexes,54.0,-2.0
United Kingdom,2015,7.2,Both sexes,54.0,-2.0
United States,1985,15.4,Both sexes,37.09,-95.71
United States,1986,16.0,Both sexes,37.09,-95.71
United States,1987,16.0,Both sexes,37.09,-95.71
United States,1988,15.6,Both sexes,37.09,-95.71
United States,1989,15.2,Both sexes,37.09,-95.71
United States,1990,15.6,Both sexes,37.09,-95.71
United States,1991,15.3,Both sexes,37.09,-95.71
United States,1992,14.8,Both sexes,37.09,-95.71
United States,1993,14.9,Both sexes,37.09,-95.71
United States,1994,14.7,Both sexes,37.09,-95.71
United States,1995,14.4,Both sexes,37.09,-95.71
United States,1996,13.9,Both sexes,37.09,-95.71
United States,1997,13.5,Both sexes,37.09,-95.71
United States,1998,13.4,Both sexes,37.09,-95.71
United States,1999,12.6,Both sexes,37.09,-95.71
United States,2000,12.2,Both sexes,37.09,-95.71
United States,2001,12.4,Both sexes,37.09,-95.71
United States,2002,12.5,Both sexes,37.09,-95.71
United States,2003,12.1,Both sexes,37.09,-95.71
United States,2004,12.2,Both sexes,37.09,-95.71
United States,2005,12.2,Both sexes,37.09,-95.71
United States,2006,12.1,Both sexes,37.09,-95.71
United States,2007,12.4,Both sexes,37.09,-95.71
United States,2008,12.8,Both sexes,37.09,-95.71
United States,2009,12.8,Both sexes,37.09,-95.71
United States,2010,13.2,Both sexes,37.09,-95.71
United States,2011,13.5,Both sexes,37.09,-95.71
United States,2012,13.8,Both sexes,37.09,-95.71
United States,2013,13.9,Both sexes,37.09,-95.71
United States,2014,14.3,Both sexes,37.09,-95.71
United States,2015,14.6,Both sexes,37.09,-95.71
Uruguay,1985,14.9,Both sexes,-33.0,-56.0
Uruguay,1986,14.4,Both sexes,-33.0,-56.0
Uruguay,1987,13.7,Both sexes,-33.0,-56.0
Uruguay,1988,13.7,Both sexes,-33.0,-56.0
Uruguay,1989,16.4,Both sexes,-33.0,-56.0
Uruguay,1990,15.1,Both sexes,-33.0,-56.0
Uruguay,1993,18.6,Both sexes,-33.0,-56.0
Uruguay,1994,17.8,Both sexes,-33.0,-56.0
Uruguay,1995,19.8,Both sexes,-33.0,-56.0
Uruguay,1996,15.7,Both sexes,-33.0,-56.0
Uruguay,1997,19.5,Both sexes,-33.0,-56.0
Uruguay,1998,22.0,Both sexes,-33.0,-56.0
Uruguay,1999,20.3,Both sexes,-33.0,-56.0
Uruguay,2000,22.9,Both sexes,-33.0,-56.0
Uruguay,2001,19.7,Both sexes,-33.0,-56.0
Uruguay,2002,27.6,Both sexes,-33.0,-56.0
Uruguay,2003,21.6,Both sexes,-33.0,-56.0
Uruguay,2004,21.5,Both sexes,-33.0,-56.0
Uruguay,2005,20.1,Both sexes,-33.0,-56.0
Uruguay,2006,20.7,Both sexes,-33.0,-56.0
Uruguay,2007,22.2,Both sexes,-33.0,-56.0
Uruguay,2008,19.5,Both sexes,-33.0,-56.0
Uruguay,2009,19.8,Both sexes,-33.0,-56.0
Uruguay,2010,21.5,Both sexes,-33.0,-56.0
Uruguay,2012,22.0,Both sexes,-33.0,-56.0
Uruguay,2013,20.8,Both sexes,-33.0,-56.0
Uruguay,2014,20.7,Both sexes,-33.0,-56.0
Uruguay,2015,22.5,Both sexes,-33.0,-56.0
Uzbekistan,1990,10.8,Both sexes,41.0,64.0
Uzbekistan,1991,10.3,Both sexes,41.0,64.0
Uzbekistan,1992,9.3,Both sexes,41.0,64.0
Uzbekistan,1993,9.3,Both sexes,41.0,64.0
Uzbekistan,1994,9.2,Both sexes,41.0,64.0
Uzbekistan,1995,9.3,Both sexes,41.0,64.0
Uzbekistan,1996,10.4,Both sexes,41.0,64.0
Uzbekistan,1997,9.2,Both sexes,41.0,64.0
Uzbekistan,1998,9.0,Both sexes,41.0,64.0
Uzbekistan,1999,9.4,Both sexes,41.0,64.0
Uzbekistan,2000,10.0,Both sexes,41.0,64.0
Uzbekistan,2001,9.7,Both sexes,41.0,64.0
Uzbekistan,2002,7.9,Both sexes,41.0,64.0
Uzbekistan,2003,6.8,Both sexes,41.0,64.0
Uzbekistan,2004,5.7,Both sexes,41.0,64.0
Uzbekistan,2005,5.7,Both sexes,41.0,64.0
Uzbekistan,2009,5.1,Both sexes,41.0,64.0
Uzbekistan,2010,5.3,Both sexes,41.0,64.0
Uzbekistan,2011,5.6,Both sexes,41.0,64.0
Uzbekistan,2012,6.5,Both sexes,41.0,64.0
Uzbekistan,2013,6.6,Both sexes,41.0,64.0
Uzbekistan,2014,7.1,Both sexes,41.0,64.0
